#,Name,Symbol,On Exchange,% Supply On Exchange,1D Change,1D Change %,7D Change,7D Change %,30D Change,30D Change %
1,Bitcoin,BTC,1211667.0,6.17,-1220.84,-0.1,847.33,0.07,-24096.19,-1.95
2,Ethereum,ETH,8568357.0,7.13,-42764.36,-0.5,-226303.38,-2.57,-814608.02,-8.68
3,Tether,USDT,1300384860.0,1.28,-10025025404.0,-88.52,-15504029741.0,-92.26,70040484.23,5.69
4,Binance Coin,BNB,106204.0,0.07,38.154,0.04,618.13,0.59,1556.57,1.49
5,Lido stETH,STETH,98945.0,1.01,25.3043,0.03,-945.23,-0.95,481.36,0.49
6,XRP,XRP,94684090.0,0.09,267754.81,0.28,-325236.29,-0.34,-1166429.87,-1.22
7,USD Coin,USDC,84358643.0,0.3,-1890666206.0,-95.73,4117435.66,5.13,-2032044860.0,-96.01
8,Cardano,ADA,12449021.0,0.03,-19111213.38,-60.55,-21734355.71,-63.58,-16266774.76,-56.65
9,Avalanche,AVAX,355128.0,0.08,7456.32,2.14,13575.12,3.97,-83173.0,-18.98
10,OKB,OKB,6361214.0,2.12,-160.15,0.0,-22798.03,-0.36,-114771.75,-1.77
11,Dogecoin,DOGE,158763289.0,0.11,3405577.81,2.19,2535279.36,1.62,4348702.25,2.82
12,TRON,TRX,184500552.0,0.21,-79762.49,-0.04,-1219386.63,-0.66,-1726006.14,-0.93
13,ChainLink,LINK,102989104.0,10.3,46489.66,0.05,-412888.5,-0.4,6281408.3,6.5
14,Polkadot,DOT,4313228.0,0.3,-8291.94,-0.19,208002.62,5.07,19114.52,0.45
15,Polygon,MATIC,919367364.0,9.19,-664930.36,-0.07,-18635730.33,-1.99,3151009.55,0.34
16,Wrapped Bitcoin,WBTC,4885.44,3.11,-232.23,-4.54,-357.1,-6.81,-9.1388,-0.19
17,Uniswap,UNI,60802542.0,6.08,412277.99,0.68,5948248.97,10.84,4355429.44,7.72
18,Toncoin,TON,1007643.0,0.02,-3721.9,-0.37,41534.58,4.3,270263.2,36.65
19,Dai,DAI,96827001.0,1.81,-2409553.8,-2.43,-4224497.92,-4.18,-12272026.04,-11.25
20,Shiba Inu,SHIB,115282107804955.0,11.53,65677716469.0,0.06,627658801326.0,0.55,2524130272980.0,2.24
21,Bitcoin Cash,BCH,44274.0,0.23,513.99,1.17,-97.2897,-0.22,3670.34,9.04
22,Litecoin,LTC,312677.0,0.37,-205.32,-0.07,310.39,0.1,-14335.22,-4.38
23,Immutable X,IMX,99215502.0,4.96,-234852.08,-0.24,-302410.79,-0.3,-1064544.79,-1.06
24,Filecoin,FIL,3002232.0,0.25,217439.66,7.81,2068881.98,221.66,1635589.77,119.68
25,Unus Sed LEO,LEO,654191423.0,66.4,3673.43,0.0,13296.73,0.0,118328.05,0.02
26,Cosmos,ATOM,521274.0,0.13,-2213.65,-0.42,-18024.61,-3.34,-20271.92,-3.74
27,Ethereum Classic,ETC,219295.0,0.1,-605.2,-0.28,-25847.69,-10.54,-28299.36,-11.43
28,NEAR Protocol,NEAR,644913.0,0.05,105253.95,19.5,-103907.09,-13.88,46355.19,7.74
29,TrueUSD,TUSD,411777708.0,31.96,238386.95,0.06,3171820.78,0.78,19229629.71,4.9
30,First Digital USD,FDUSD,3230034529.0,97.68,-670074.34,-0.02,463669575.0,16.76,724605640.0,28.92
31,Injective Protocol,INJ,2556302.0,2.56,-1126.87,-0.04,130853.04,5.4,32296.03,1.28
32,Lido DAO Token,LDO,59344884.0,5.93,-1461323.49,-2.4,211969.5,0.36,593275.31,1.01
33,Graph,GRT,1063028476.0,9.85,-4546329.3,-0.43,-35559793.43,-3.24,-36558236.53,-3.32
34,Render Token,RNDR,90192326.0,16.98,1228799.19,1.38,507823.74,0.57,7697647.62,9.33
35,Arbitrum,ARB,4723811.0,0.05,-121885.95,-2.52,-419453.58,-8.16,453717.83,10.63
36,Cronos,CRO,2239065394.0,7.4,-808697.6,-0.04,-4919138.09,-0.22,51459037.56,2.35
37,Maker,MKR,61927.0,6.33,1559.82,2.58,2486.19,4.18,3580.01,6.14
38,Beam,BEAMX,8345436616.0,13.26,49700578.32,0.6,180731310.0,2.21,451705140.0,5.72
39,Aave,AAVE,3009449.0,18.81,-5215.73,-0.17,12597.4,0.42,332866.37,12.44
40,MultiversX(Elrond),EGLD,361823.0,1.36,-44.4456,-0.01,-6636.29,-1.8,-6591.69,-1.79
41,StarkNet,STRK,3492074.0,0.03,398513.74,12.88,0.0,0.0,0.0,0.0
42,Axie Infinity,AXS,5144060.0,1.91,97685.75,1.94,290725.35,5.99,47634.32,0.93
43,Blur,BLUR,199109274.0,6.64,8047270.21,4.21,6000616.88,3.11,-2332716.32,-1.16
44,Quant,QNT,1300360.0,8.74,10317.08,0.8,21613.02,1.69,59361.05,4.78
45,Synthetix,SNX,19518514.0,5.95,-256507.58,-1.3,1920554.94,10.91,4082944.38,26.45
46,Worldcoin,WLD,33793148.0,0.34,694541.5,2.1,-463970.42,-1.35,-276285.51,-0.81
47,Fantom,FTM,650937126.0,20.5,-670219.9,-0.1,100465.0,0.02,-1341772.13,-0.21
48,The Sandbox,SAND,624843638.0,20.83,6674123.33,1.08,17002419.61,2.8,106848636.0,20.63
49,Chiliz,CHZ,3079498811.0,34.64,-557305.51,-0.02,5379548.48,0.17,142256089.0,4.84
50,ApeCoin,APE,91955245.0,9.2,108728.04,0.12,2822407.05,3.17,13185381.62,16.74
51,Tezos,XTZ,409712.0,0.04,-3487.07,-0.84,-140295.67,-25.51,-122416.62,-23.01
52,dYdX,DYDX,110606324.0,20.63,229046.86,0.21,1822203.51,1.68,-1455821.35,-1.3
53,BitTorrent(new),BTT,18467813708497.0,1.87,13182188974.0,0.07,35015441752.0,0.19,8690092028.0,0.05
54,Ocean Protocol,OCEAN,152854973.0,10.84,764440.25,0.5,7145840.17,4.9,9030431.35,6.28
55,KuCoin Token,KCS,74669814.0,43.89,4.7e-05,0.0,0.0,0.0,0.0,0.0
56,Decentraland,MANA,441675219.0,20.14,983239.03,0.22,1923163.22,0.44,4999671.32,1.14
57,SingularityNET,AGIX,386610102.0,34.66,5783088.86,1.52,23049933.17,6.34,24600297.82,6.8
58,WOO Network,WOO,642438067.0,28.8,9680909.88,1.53,13997368.55,2.23,12350838.87,1.96
59,Conflux,CFX,574634013.0,11.55,30461354.21,5.6,57980970.95,11.22,53505608.82,10.27
60,Fetch.AI,FET,213603166.0,18.53,-2759554.73,-1.28,-9600099.97,-4.3,-2446782.9,-1.13
61,Gnosis,GNO,47678.0,0.48,1056.73,2.27,1876.32,4.1,10865.48,29.52
62,EOS,EOS,350445.0,0.03,-107857.55,-23.53,-131046.56,-27.22,115838.92,49.38
63,IOTA,MIOTA,13017616.0,0.41,-30478.38,-0.23,407658.46,3.23,-1608544.47,-11.0
64,Gala,GALA,23777105264.0,77.03,68200970.39,0.29,240481785.0,1.02,728740408.0,3.16
65,Jasmy,JASMY,14186398013.0,28.37,-173074903.0,-1.21,207106710.0,1.48,611400099.0,4.5
66,PancakeSwap,CAKE,75513051.0,19.58,-224272.64,-0.3,2293648.06,3.13,1639321.21,2.22
67,Luna Classic,LUNC,964134.0,0.0,0.0,0.0,0.0,0.0,0.0,0.0
68,Curve,CRV,273949097.0,13.16,9408615.41,3.56,20516126.58,8.1,53457388.25,24.24
69,Ethereum Name Service,ENS,9843680.0,9.84,46224.56,0.47,133350.51,1.37,134579.75,1.39
70,Pendle Finance,PENDLE,47133422.0,18.24,-194425.58,-0.41,694696.42,1.5,7361413.61,18.51
71,Frax Share,FXS,6666451.0,6.69,77464.92,1.18,206670.85,3.2,620166.21,10.26
72,PAX Gold,PAXG,32278.0,16.0,5.881,0.02,-1282.34,-3.82,-266.74,-0.82
73,Nexo,NEXO,16343395.0,1.63,172541.25,1.07,117670.29,0.73,269328.07,1.68
74,Ondo Finance,ONDO,504546155.0,5.05,-9480945.12,-1.84,-44797523.05,-8.15,-68788631.26,-12.0
75,Gemini Dollar,GUSD,8448855.0,26.92,159594.68,1.93,247249.68,3.01,448826.72,5.61
76,Rocket Pool,RPL,434915.0,2.16,-4459.03,-1.01,28190.87,6.93,8197.26,1.92
77,FTX Token,FTT,45852610.0,13.94,159583.74,0.35,189099.8,0.41,-640378.65,-1.38
78,ZetaChain,ZETA,10659927.0,0.51,62716.19,0.59,538656.4,5.32,0.0,0.0
79,IoTeX,IOTX,193174779.0,0.2,-409403.57,-0.21,11614823.11,6.4,17221507.75,9.79
80,1inch Token,1INCH,199979866.0,13.33,603689.33,0.3,7461320.9,3.88,3763338.27,1.92
81,Pepe,PEPE,186321918664924.0,44.29,175010319517.0,0.09,1086784708728.0,0.59,16780849507300.0,9.9
82,Trust Wallet,TWT,13902244.0,1.39,-189751.85,-1.35,-85017.17,-0.61,-1497927.07,-9.73
83,Compound,COMP,1500934.0,15.01,-17479.71,-1.15,26441.85,1.79,85606.34,6.05
84,SuperVerse,SUPER,136264791.0,13.63,-617123.02,-0.45,-3074559.17,-2.21,-3550227.45,-2.54
85,Gatechain Token,GT,92283290.0,30.76,233.99,0.0,1576.86,0.0,-2633709.71,-2.77
86,Enjin Coin,ENJ,116478919.0,11.65,240396.37,0.21,-166546.73,-0.14,-11538195.09,-9.01
87,Green Metaverse Token,GMT,349953466.0,6.47,2067140.14,0.59,1235789.66,0.35,38609940.1,12.4
88,Convex Finance,CVX,2954661.0,2.97,-58340.04,-1.94,149647.99,5.34,-134806.1,-4.36
89,Livepeer Token,LPT,4572843.0,14.74,40181.87,0.89,273607.52,6.36,424154.77,10.22
90,aelf,ELF,93078430.0,10.58,18862.27,0.02,123433.61,0.13,483367.86,0.52
91,Zcash,ZEC,35578.0,0.22,101.92,0.29,-3513.77,-8.99,87.4163,0.25
92,SKALE Network,SKL,645792187.0,12.3,-4941361.63,-0.76,-1623490.48,-0.25,-12412330.04,-1.89
93,Mask Network,MASK,29621089.0,29.62,656159.21,2.27,4013392.58,15.67,5591909.8,23.27
94,Pixels,PIXEL,398079565.0,7.96,-912942.5,-0.23,27683952.23,7.47,0.0,0.0
95,Zilliqa,ZIL,92280741.0,0.49,-1817460.57,-1.93,-8560263.86,-8.49,-29509916.57,-24.23
96,OriginTrail,TRAC,26511737.0,5.3,696554.1,2.7,213939.15,0.81,-443316.23,-1.64
97,Holo,HOT,56620844659.0,31.88,10053448.48,0.02,45503702.15,0.08,575473248.0,1.03
98,Basic Attention Token,BAT,272573739.0,18.17,2139480.84,0.79,14719648.62,5.71,24572386.48,9.91
99,Loopring,LRC,328123358.0,23.88,5551098.64,1.72,2552853.57,0.78,42735790.22,14.97
100,Golem,GLM,95491422.0,9.55,4582337.03,5.04,14249332.52,17.54,19940137.61,26.39
101,Illuvium,ILV,782127.0,9.73,-2748.84,-0.35,8434.42,1.09,24756.78,3.27
102,Sushi,SUSHI,104472463.0,41.75,889542.17,0.86,-961505.43,-0.91,-2165133.48,-2.03
103,SafePal,SFP,320245318.0,64.05,192100.44,0.06,-84100455.55,-20.8,-43310196.32,-11.91
104,Floki Inu,FLOKI,1945932578085.0,19.6,8305994057.0,0.43,12509961867.0,0.65,62592692412.0,3.32
105,Galxe(Project Galaxy),GAL,50600973.0,25.3,-312886.19,-0.61,2439743.41,5.07,6027960.27,13.52
106,Aragon,ANT,2671570.0,6.19,-4099.69,-0.15,-569978.87,-17.58,-1797022.08,-40.21
107,Chromia,CHR,326822501.0,55.18,362217.01,0.11,-2618431.84,-0.79,-13631779.53,-4.0
108,API3,API3,19059844.0,14.79,112380.87,0.59,-704346.96,-3.56,3736320.02,24.38
109,Magic,MAGIC,9234.06,0.0,0.0,0.0,0.0,0.0,-2.521330156623283e+21,-100.0
110,SSV Network,SSV,4169806.0,37.86,-16780.36,-0.4,-39561.67,-0.94,-92503.96,-2.17
111,Ankr,ANKR,1534833503.0,15.35,28319305.77,1.88,117146275.0,8.26,264672417.0,20.84
112,COTI,COTI,514613636.0,25.73,-14114836.47,-2.67,-40162342.54,-7.24,-48124278.92,-8.55
113,0x,ZRX,143714330.0,14.37,1291641.28,0.91,3783475.77,2.7,8204710.11,6.05
114,UMA,UMA,7812025.0,6.61,138856.73,1.81,-38051.81,-0.48,1573257.65,25.22
115,Storj,STORJ,95462442.0,22.46,509139.04,0.54,13168712.33,16.0,17326605.45,22.17
116,yearn.finance,YFI,8690.12,23.7,82.057,0.95,39.7298,0.46,184.8,2.17
117,Ribbon Finance,RBN,4470673.0,0.45,156891.04,3.64,186005.57,4.34,692293.43,18.32
118,Flux,FLUX,50599884.0,11.5,382177.9,0.76,1512718.27,3.08,1829703.54,3.75
119,SPACE ID,ID,167360211.0,8.38,-113211.06,-0.07,25246676.08,17.77,-86915297.6,-34.18
120,Threshold Network,T,920561534.0,8.34,12524740.73,1.38,3662158.37,0.4,141352404.0,18.14
121,Tellor,TRB,1373557.0,52.9,20012.09,1.48,91398.74,7.13,128007.08,10.28
122,Memecoin,MEME,5772598517.0,8.37,25346812.41,0.44,15900305.18,0.28,-22415118.5,-0.39
123,MX Token,MX,93386357.0,21.79,51588.12,0.06,56000.07,0.06,33831.55,0.04
124,TerraClassicUSD,USTC,143331177.0,1.47,60229.91,0.04,-12262.31,-0.01,-13904388.38,-8.84
125,Band Protocol,BAND,6667795.0,6.67,-6901.9,-0.1,101313.56,1.54,1328169.31,24.87
126,Audius,AUDIO,154056258.0,12.48,817370.96,0.53,8368509.83,5.74,1416766.6,0.93
127,Cartesi,CTSI,142846692.0,14.28,2027985.74,1.44,6719595.42,4.94,8152818.94,6.05
128,Biconomy,BICO,89213597.0,8.92,9083514.34,11.34,12523297.7,16.33,14047117.42,18.69
129,iExec RLC,RLC,25830140.0,29.69,-47715.31,-0.18,-589344.54,-2.23,-569891.46,-2.16
130,Balancer,BAL,4100168.0,6.63,177464.93,4.52,216483.92,5.57,435120.97,11.87
131,Coin98,C98,224388423.0,22.44,740887.4,0.33,1861251.82,0.84,-1484032.89,-0.66
132,Arkham,ARKM,107241168.0,10.72,-1155073.43,-1.07,-1685660.98,-1.55,-7643007.57,-6.65
133,Raydium,RAY,158.27,0.0,0.0,0.0,0.0,0.0,0.0,0.0
134,Baby Doge Coin,BABYDOGE,3.242229702519028e+16,7.72,25769959949352.0,0.08,70883970759188.0,0.22,94160981736771.0,0.29
135,Open Campus,EDU,93593582.0,9.36,78387.69,0.08,94314.17,0.1,2823339.18,3.11
136,Ontology,ONT,2888641.0,0.29,-13059.57,-0.45,-15187.23,-0.52,149258.01,5.45
137,Tokocrypto,TKO,144010371.0,28.96,157822.92,0.11,-7083.1,0.0,522187.22,0.36
138,Solar,SXP,45223460.0,15.85,9.9e-06,0.0,963.37,0.0,1865.11,0.0
139,Fusionist,ACE,9155027.0,6.23,68291.31,0.75,-127364.18,-1.37,-615138.07,-6.3
140,Sleepless AI,AI,117221651.0,11.72,205627.38,0.18,-108480913.0,-48.06,-92143555.47,-44.01
141,WAX Token,WAXP,32966418.0,0.8,143714.86,0.44,-47788.59,-0.14,109141.79,0.33
142,Tribe,TRIBE,10338084.0,1.03,-14924.02,-0.14,-58336.87,-0.56,-665995.56,-6.05
143,Pax Dollar,USDP,30050971.0,13.95,430331.3,1.45,-324047.17,-1.07,960432.36,3.3
144,Prom,PROM,2409396.0,12.05,2711.01,0.11,-3124941.16,-56.46,-3026319.98,-55.67
145,Celer Network,CELR,2126234441.0,21.26,-12818933.74,-0.6,-6768345.47,-0.32,-261357273.0,-10.95
146,Amp,AMP,5316466358.0,5.35,90756947.76,1.74,32021412.2,0.61,94901033.32,1.82
147,Numeraire,NMR,991692.0,9.23,-27602.3,-2.71,26908.8,2.79,-182305.02,-15.53
148,LCX token,LCX,14003150.0,1.47,-421475.94,-2.92,-544908.29,-3.75,-1714514.98,-10.91
149,Venus,XVS,4525063.0,15.08,2697.57,0.06,-51636.06,-1.13,-79039.15,-1.72
150,Alchemy Pay,ACH,2381802129.0,23.82,-796684.18,-0.03,-5829735.79,-0.24,-12464964.52,-0.52
151,Power Ledger,POWR,84511369.0,8.45,3925186.41,4.87,-2470604.42,-2.84,-3163435.32,-3.61
152,ArcBlock,ABT,12258212.0,6.59,441312.13,3.73,-476924.55,-3.74,-2865269.33,-18.95
153,NFPrompt,NFP,170483619.0,17.05,2380636.58,1.42,9181383.37,5.69,16482022.65,10.7
154,Bounce Token,AUCTION,2255917.0,34.71,-22204.64,-0.97,-151992.26,-6.31,-532173.43,-19.09
155,Wrapped NXM,wNXM,228067.0,19.68,-3015.4,-1.3,-6180.72,-2.64,-23370.38,-9.29
156,Vulcan Forged,PYR,12038518.0,24.08,-48757.0,-0.4,236167.26,2.0,8346.27,0.07
157,Big Time,BIGTIME,250897573.0,5.02,5705960.64,2.33,9428050.82,3.9,61263087.69,32.31
158,Creditcoin,CTC,27200324.0,4.95,82630.96,0.3,-182436.96,-0.67,-2192424.67,-7.46
159,Orbs,ORBS,249151021.0,2.49,7162375.69,2.96,44493698.45,21.74,89702790.91,56.26
160,CyberConnect,CYBER,7999985.0,8.0,-4222.73,-0.05,-73761.11,-0.91,-202490.58,-2.47
161,Status,SNT,672745440.0,9.89,-18593010.8,-2.69,4848714.09,0.73,31076714.46,4.84
162,Marlin,POND,1186131031.0,14.67,3033159.25,0.26,10158781.34,0.86,-63991240.51,-5.12
163,MANTRA,OM,222582480.0,25.04,1193650.95,0.54,4964117.34,2.28,1158878.02,0.52
164,Maverick Protocol,MAV,134650828.0,6.73,-121185.84,-0.09,-30327161.22,-18.38,-36866048.84,-21.49
165,Stratis,STRAX,168285.0,0.11,-2.134e-05,0.0,75.4678,0.04,75.4678,0.04
166,Yield Guild Games,YGG,180764199.0,18.08,4184377.79,2.37,1416638.37,0.79,8709477.66,5.06
167,Small Love Potion,SLP,4129898717.0,33.04,7294856.0,0.18,47223714.0,1.16,365728050.0,9.72
168,Telos,TLOS,8221275.0,1.96,-93588.79,-1.13,352341.28,4.48,23558.57,0.29
169,Reserve Rights,RSR,19101349076.0,19.1,27382414.25,0.14,358270725.0,1.91,513764411.0,2.76
170,Artificial Liquid Intelligence,ALI,262386264.0,2.62,3567028.44,1.38,-3751714.69,-1.41,14720346.06,5.94
171,Bluzelle,BLZ,222951037.0,44.59,281187.03,0.13,-9547.94,0.0,-19947995.88,-8.21
172,ConstitutionDAO,PEOPLE,4193087522.0,82.75,871062.68,0.02,305838.56,0.01,-22971641.35,-0.54
173,Dexe.network,DEXE,5551330.0,5.75,-2417.27,-0.04,17148.76,0.31,23743.2,0.43
174,Liquity,LQTY,23323135.0,23.32,996159.02,4.46,1354007.64,6.16,-393916.89,-1.66
175,NYM,NYM,53158144.0,5.32,-76279.28,-0.14,2120714.42,4.16,1596372.4,3.1
176,Dent,DENT,51079098409.0,51.08,-43589577.98,-0.09,89405931.42,0.18,799218342.0,1.59
177,Keep Network,KEEP,3483676.0,0.35,-7078.03,-0.2,-41398.12,-1.17,-144901.98,-3.99
178,Hooked Protocol,HOOK,69991457.0,14.0,31736.2,0.05,-173768.12,-0.25,4385695.13,6.68
179,Hashflow,HFT,169062712.0,16.91,1183896.4,0.71,5684997.23,3.48,12880639.64,8.25
180,Bone ShibaSwap,BONE,34997622.0,14.0,-142363.03,-0.41,3576827.3,11.38,-516865.16,-1.46
181,Loom Network,LOOM,188202224.0,14.48,14463147.96,8.32,-8066787.91,-4.11,42039955.87,28.76
182,Stargate Finance,STG,56499342.0,5.65,54372.11,0.1,5517928.61,10.82,3585949.5,6.78
183,Perpetual Protocol,PERP,43280675.0,28.85,100345.79,0.23,1069561.63,2.53,1578925.62,3.79
184,Synapse,SYN,29226373.0,13.77,203580.72,0.7,1751933.03,6.38,-1613180.73,-5.23
185,Dusk,DUSK,74325145.0,14.87,2642723.81,3.69,3059679.14,4.29,-18567390.9,-19.99
186,RSS3,RSS3,96749380.0,9.67,140038.81,0.14,760265.48,0.79,-2729744.17,-2.74
187,Kyber Network Crystal,KNC,54502325.0,23.64,925023.36,1.73,4943198.59,9.97,14412499.96,35.95
188,DODO Token,DODO,269755169.0,26.98,2751228.54,1.03,2948006.04,1.1,9514066.03,3.66
189,Orchid,OXT,184325422.0,18.43,-1702379.17,-0.92,-4280162.47,-2.27,11167.37,0.01
190,BakeryToken,BAKE,273443285.0,94.37,-260143.04,-0.1,2427102.54,0.9,2429248.5,0.9
191,Stella,ALPHA,248726116.0,24.87,-1032875.22,-0.41,3621265.7,1.48,17530526.19,7.58
192,Pundi X [new],PUNDIX,39892761.0,15.44,219189.6,0.55,769419.27,1.97,1291117.13,3.34
193,Aurora,AURORA,16999985.0,1.7,100443.29,0.59,916366.0,5.7,746083.75,4.59
194,STP Network,STPT,435284676.0,22.41,3963771.99,0.92,-2701277.05,-0.62,51965829.74,13.56
195,Vanar,VANRY,1749036929.0,126.03,1747669.38,0.1,-2596157.17,-0.15,-75915022.48,-4.16
196,Civic,CVC,117681774.0,11.77,2303882.04,2.0,-2130013.19,-1.78,9704976.64,8.99
197,Adventure Gold,AGLD,52582558.0,68.03,156759.17,0.3,1723566.56,3.39,3354341.37,6.81
198,Metal DAO,MTL,14718259.0,22.1,-211365.67,-1.42,1184405.06,8.75,3352361.22,29.49
199,Request Network,REQ,175008564.0,17.51,412672.82,0.24,-315865.57,-0.18,3794747.11,2.22
200,OMG Network,OMG,63389577.0,45.2,-83629.56,-0.13,388053.89,0.62,3410020.53,5.69
201,OMG Network,OMG,63389577.0,45.2,-83629.56,-0.13,388053.89,0.62,3410020.53,5.69
202,Bancor,BNT,24747673.0,15.35,236211.01,0.96,-953381.65,-3.71,-674639.69,-2.65
203,BinaryX (new),BNX,246322995.0,44.97,-729564.1,-0.3,1900922.82,0.78,1764671.45,0.72
204,Gitcoin,GTC,19113811.0,19.11,-90735.0,-0.47,375301.89,2.0,192998.77,1.02
205,My Neighbor Alice,ALICE,32498620.0,35.32,53805.16,0.17,-227283.39,-0.69,-202559.07,-0.62
206,Assemble Protocol,ASM,22409740.0,1.49,-2831150.11,-11.22,1374976.5,6.54,11796502.77,111.15
207,Radicle,RAD,10702525.0,10.7,18112.83,0.17,180883.63,1.72,840596.71,8.52
208,Origin Token,OGN,288615137.0,28.86,884584.0,0.31,1508740.03,0.53,23892744.96,9.03
209,XYO Network,XYO,1229227348.0,8.82,-87310.2,-0.01,-36195489.6,-2.86,-48094972.71,-3.77
210,NKN,NKN,215932450.0,28.61,140318.56,0.07,2632006.72,1.23,5039356.29,2.39
211,Spell Token,SPELL,36432206759.0,18.59,-1470159598.0,-3.88,2605974811.0,7.7,4686245727.0,14.76
212,tomiNet,TOMI,7312837.0,5.85,151327.45,2.11,134258.16,1.87,1401606.0,23.71
213,PlayDapp,PDA,67778458.0,9.68,0.0,0.0,-3.181e-05,0.0,15300121.08,29.16
214,SuperRare,RARE,120655075.0,12.07,-115991.02,-0.1,-26758.34,-0.02,994147.31,0.83
215,Phoenix Global (new),PHB,29694904.0,61.59,437712.91,1.5,830697.99,2.88,892965.3,3.1
216,MOBOX,MBOX,158858082.0,42.94,411821.84,0.26,-150203.9,-0.09,-3190054.38,-1.97
217,Phala,PHA,191071937.0,19.11,286826.43,0.15,4964796.23,2.67,18595467.21,10.78
218,Polkastarter,POLS,29969096.0,29.97,-187131.25,-0.62,-780037.42,-2.54,-764138.99,-2.49
219,LooksRare,LOOKS,198539036.0,19.85,394260.51,0.2,901637.49,0.46,43273517.02,27.87
220,Elastos,ELA,1866964.0,7.34,-5283.08,-0.28,-12667.99,-0.67,3143.9,0.17
221,Highstreet,HIGH,33458387.0,33.46,-15833.05,-0.05,853587.68,2.62,1038875.86,3.2
222,Binance USD,BUSD,2461012177.0,2912.05,1329048.96,0.05,-11443226.03,-0.46,8127779.22,0.33
223,ARPA,ARPA,518750604.0,25.94,2025899.13,0.39,54632919.1,11.77,1175079.14,0.23
224,Everscale,EVER,103281270.0,4.91,88176.68,0.09,-94881.5,-0.09,4333192.29,4.38
225,Hifi Finance V2,HIFI,38387768.0,27.3,-2870988.58,-6.96,-476771.68,-1.23,4846310.99,14.45
226,Gods Unchained,GODS,21938931.0,4.39,-109025.02,-0.49,1315699.4,6.38,797794.16,3.77
227,StormX,STMX,2480329876.0,19.84,55248463.53,2.28,-48441622.6,-1.92,64279205.59,2.66
228,Dogelon Mars,ELON,177587225224345.0,17.76,187165098618.0,0.11,1543067068561.0,0.88,15070351841355.0,9.27
229,Republic Protocol,REN,430967762.0,43.1,3389013.81,0.79,1738291.96,0.4,8947355.86,2.12
230,Badger DAO,BADGER,6566942.0,31.27,30757.9,0.47,-16896.7,-0.26,59017.92,0.91
231,QuarkChain,QKC,924112563.0,9.24,10487.21,0.0,23047813.06,2.56,57505798.93,6.64
232,Viction,VIC,26955119.0,26.96,-21190.12,-0.08,20073.47,0.07,197023.99,0.74
233,Alien Worlds,TLM,2396312536.0,38.13,31323634.78,1.32,24458953.73,1.03,70067067.58,3.01
234,Mines of Dalarnia,DAR,177517042.0,22.19,-494663.66,-0.28,-1344602.44,-0.75,-1247275.16,-0.7
235,TrueFi,TRU,445520850.0,36.39,-447141.71,-0.1,5412621.31,1.23,22984566.08,5.44
236,Verasity,VRA,17241721067.0,17.2,138932796.0,0.81,-61197181.63,-0.35,-552030233.0,-3.1
237,Streamr,DATA,490489764.0,45.93,-63960.14,-0.01,1495643.23,0.31,-3453443.4,-0.7
238,Orion Protocol,ORN,25585823.0,25.59,-119299.21,-0.46,2546664.69,11.05,5016462.3,24.39
239,Aergo,AERGO,82189113.0,16.44,1459173.33,1.81,4934211.52,6.39,9166829.53,12.55
240,Alchemix,ALCX,536640.0,22.42,-4085.99,-0.76,19662.59,3.8,16584.61,3.19
241,Router Protocol,ROUTE,2635962.0,13.18,-89958.73,-3.3,-92845.8,-3.4,106453.46,4.21
242,Radio Caca,RACA,78602785662.0,18.22,-286886582.0,-0.36,867512873.0,1.12,2122315257.0,2.77
243,Sweatcoin,SWEAT,145813881.0,0.67,19445.0,0.01,-424501.56,-0.29,-3870385.96,-2.59
244,Automata Network,ATA,306049930.0,30.6,168899.25,0.06,5359017.21,1.78,11583791.81,3.93
245,Function X,FX,7346649.0,1.8,-153210.7,-2.04,-16373.72,-0.22,-263053.25,-3.46
246,Ampleforth Governance Token,FORTH,3684247.0,24.08,-15359.31,-0.42,26620.64,0.73,215738.65,6.22
247,FUNToken,FUN,3527644871.0,32.53,2163406.07,0.06,189903080.0,5.69,457642176.0,14.91
248,Beta Finance,BETA,56893574.0,5.69,-745440.81,-1.29,47147.03,0.08,271332.83,0.48
249,Mdex,MDX,205198012.0,19.36,216930.28,0.11,568309.75,0.28,3589860.83,1.78
250,DIA,DIA,44960310.0,26.63,8470.64,0.02,736835.67,1.67,263378.9,0.59
251,Linear Finance,LINA,4072541930.0,40.73,3391727.04,0.08,604615.74,0.01,137615815.0,3.5
252,Frontier,FRONT,39732965.0,39.73,1169251.55,3.03,614541.92,1.57,39084.34,0.1
253,IDEX Token,IDEX,308336542.0,30.83,-1262835.24,-0.41,288259.67,0.09,2897021.67,0.95
254,Aavegotchi,GHST,12833698.0,24.33,24881.16,0.19,-6334.99,-0.05,184822.94,1.46
255,LeverFi,LEVER,24213385714.0,69.18,-185455598.0,-0.76,-524219960.0,-2.12,276555186.0,1.16
256,Morpheus Network,MNW,7397776.0,15.45,18734.43,0.25,145469.91,2.01,440815.25,6.34
257,Measurable Data Token,MDT,534179644.0,53.42,-70465.56,-0.01,7030538.55,1.33,-16981229.21,-3.08
258,Ethernity Chain,ERN,9306120.0,31.02,4181.72,0.04,-21263.05,-0.23,53056.68,0.57
259,Milady Meme Coin,LADYS,316816284419637.0,35.68,81540744030.0,0.03,72968496233.0,0.02,-17314287972627.0,-5.18
260,Hunt,HUNT,441549.0,0.22,1634.52,0.37,2394.04,0.55,-5423.22,-1.21
261,Dego Finance,DEGO,12266821.0,58.41,1717.14,0.01,13507.51,0.11,304857.26,2.55
262,Propy,PRO,4011014.0,4.01,48333.63,1.22,14669.65,0.37,100667.82,2.57
263,Clover Finance,CLV,466905632.0,46.69,2486203.64,0.54,22381596.25,5.03,35803706.06,8.31
264,SingularityDAO,SDAO,14053925.0,14.05,105171.12,0.75,-442057.83,-3.05,586042.04,4.35
265,Litentry,LIT,36800331.0,36.8,-153663.35,-0.42,254899.24,0.7,435868.09,1.2
266,Bella Protocol,BEL,42692101.0,42.69,6069.07,0.01,845280.88,2.02,1610581.28,3.92
267,Onyxcoin,XCN,3757288578.0,7.76,1830526.42,0.05,415200812.0,12.42,-47129648.95,-1.24
268,Celsius,CEL,11277450.0,1.62,-517.6,0.0,94304.23,0.84,287229.08,2.61
269,Boba Network,BOBA,39634485.0,7.93,92206.01,0.23,2647383.61,7.16,2522991.87,6.8
270,Enzyme,MLN,412500.0,17.42,1520.63,0.37,-674.27,-0.16,19600.9,4.99
271,Unifi Protocol DAO,UNFI,5998199.0,69.51,-1383.83,-0.02,-12908.01,-0.21,26082.4,0.44
272,League of Kingdoms Arena,LOKA,81270517.0,40.31,355205.66,0.44,373893.42,0.46,3167620.32,4.06
273,Reef Finance,REEF,9245392702.0,40.51,-16622447.07,-0.18,318043867.0,3.56,820796113.0,9.74
274,LTO Network,LTO,79410286.0,18.68,280114.87,0.35,288272.96,0.36,1265820.12,1.62
275,xMoney,UTK,163528080.0,32.71,-510818.89,-0.31,-4061448.4,-2.42,-3942530.17,-2.35
276,Alpha Quark Token,AQT,754382.0,2.51,-7.43e-06,0.0,-581.9,-0.08,3408.04,0.45
277,Velas,VLX,28623657.0,1.12,-22896.09,-0.08,-161712.6,-0.56,-5006681.68,-14.89
278,Rally,RLY,223516177.0,1.49,2293852.25,1.04,3069449.24,1.39,6901174.5,3.19
279,Selfkey,KEY,4440069045.0,74.0,2880282.68,0.06,-6357100.81,-0.14,13152990.7,0.3
280,Quickswap(New),QUICK,17410091.0,1.93,198190.8,1.15,455083.28,2.68,1545791.16,9.74
281,AVA,AVA,30527539.0,50.04,126587.91,0.42,-100905.52,-0.33,-2424032.89,-7.36
282,Rarible,RARI,1677770.0,6.71,2949.36,0.18,-43066.38,-2.5,63398.28,3.93
283,Ramp DeFi,RAMP,568083.0,0.06,4.013e-05,0.0,0.0,0.0,1195.0,0.21
284,Burger Swap,BURGER,43439536.0,86.49,-3472.58,-0.01,-81895.76,-0.19,-193119.53,-0.44
285,Keep3rV1,KP3R,194663.0,38.41,-973.27,-0.5,-2491.93,-1.26,-4275.71,-2.15
286,Parsiq,PRQ,40552384.0,13.07,1313531.35,3.35,-680466.09,-1.65,-5319184.89,-11.6
287,Tranchess,CHESS,84114442.0,28.04,32858.53,0.04,199952.21,0.24,574821.23,0.69
288,Voyager Token,VGX,178054858.0,60.56,21180.51,0.01,-259063.4,-0.15,2492908.08,1.42
289,Dock,DOCK,1027629.0,0.11,2.905e-05,0.0,-2e-05,0.0,0.0,0.0
290,Harvest Finance,FARM,246736.0,34.99,-1685.21,-0.68,-1934.41,-0.78,4036.5,1.66
291,AirDAO,AMB,14983315.0,0.23,0.0,0.0,0.0,0.0,0.0,0.0
292,Cream,CREAM,653404.0,22.34,124.66,0.02,-3056.92,-0.47,52397.44,8.72
293,AdEx,ADX,66829897.0,44.55,-217666.87,-0.32,-622941.08,-0.92,-1506325.22,-2.2
294,district0x,DNT,95711755.0,9.57,463488.47,0.49,1784492.54,1.9,5805787.15,6.46
295,Alpaca Finance,ALPACA,67121051.0,44.86,-62631.08,-0.09,956265.17,1.45,1903200.82,2.92
296,StarLink,STARL,5250382428462.0,52.5,-8091837504.0,-0.15,-104378374093.0,-1.95,-76747882354.0,-1.44
297,BarnBridge,BOND,6301507.0,63.02,18266.68,0.29,23099.76,0.37,229231.99,3.78
298,Beefy,BIFI,39893.0,49.87,-32.4714,-0.08,2505.05,6.7,2928.26,7.92
299,VIDT DAO,VIDT,699530597.0,69.95,-74158.44,-0.01,946394.11,0.14,5453658.89,0.79
300,DFI.Money,YFII,30935.0,77.34,-591.28,-1.88,-3300.38,-9.64,-5351.06,-14.75
301,DFI.Money,YFII,30935.0,77.34,-591.28,-1.88,-3300.38,-9.64,-5351.06,-14.75
302,Boson Protocol,BOSON,37086014.0,18.54,71178.74,0.19,857516.97,2.37,2084249.17,5.95
303,StaFi,FIS,29303180.0,25.5,-30304.01,-0.1,722696.84,2.53,-564515.52,-1.89
304,Akropolis,AKRO,2872203903.0,57.44,-3481168.57,-0.12,-2587125.05,-0.09,68339862.9,2.44
305,Dragonchain,DRGN,124165956.0,28.64,-111640.98,-0.09,-649784.66,-0.52,443904.25,0.36
306,Decentral Games V2,DG,5065313.0,0.68,-722164.45,-12.48,-2477986.63,-32.85,-22008.91,-0.43
307,Volt Inu(new),VOLT,6259765173504.0,9.07,-48054389769.0,-0.76,-17332216047.0,-0.28,272315665806.0,4.55
308,Alpine F1 Team Fan Token,ALPINE,8431303.0,21.08,4773.64,0.06,-19452.62,-0.23,-18686.55,-0.22
309,Lazio Fan Token,LAZIO,8030381.0,20.08,-2015.4,-0.03,64.3195,0.0,138626.87,1.76
310,Dogechain,DC,2724669027.0,1.61,-2.703e-05,0.0,-5.358e-05,0.0,2018428.0,0.07
311,MXC,MXC,134634719.0,5.1,-8087.5,-0.01,3484546.44,2.66,-35488670.75,-20.86
312,Manchester City Fan Token,CITY,800098.0,4.05,0.0,0.0,0.0,0.0,124.23,0.02
313,FC Porto,PORTO,6984774.0,17.46,52.662,0.0,14423.04,0.21,7387.45,0.11
314,Ellipsis,EPS,138955.0,0.02,-9.22e-06,0.0,1279.96,0.93,4953.79,3.7
315,Sentinel,SENT,12327107.0,0.05,-4.168e-05,0.0,-2.924e-05,0.0,0.0,0.0
316,TrustSwap,SWAP,3705576.0,3.71,-359.91,-0.01,8671.68,0.23,134058.8,3.75
317,Octopus Network,OCT,5385546.0,5.39,24106.29,0.45,-15576.31,-0.29,274999.99,5.38
318,PolySwarm,NCT,65419119.0,3.47,-1123781.85,-1.69,-4604338.21,-6.58,-18867440.38,-22.38
319,Kryll,KRL,7706030.0,15.59,290066.7,3.91,-146431.94,-1.86,-205926.81,-2.6
320,Gifto,GFT,714066429.0,71.41,3361685.77,0.47,-5835757.42,-0.81,-17150728.5,-2.35
321,NEST Protocol,NEST,1728383013.0,17.28,-356118.34,-0.02,-1680318.9,-0.1,-2798107.54,-0.16
322,dForce,DF,190561009.0,19.06,-17448.83,-0.01,117633.73,0.06,2590107.84,1.38
323,AirSwap,AST,103789909.0,20.76,392493.57,0.38,13227296.15,14.61,24618753.57,31.1
324,Fusion,FSN,139682.0,0.24,-7.575e-05,0.0,3.06e-05,0.0,0.0,0.0
325,ForTube,FOR,233178751.0,23.32,195564.81,0.08,4265686.19,1.86,13287109.3,6.04
326,Nimiq,NIM,334003.0,0.0,0.0,0.0,0.0,0.0,0.0,0.0
327,Matrix AI Network,MAN,4425242.0,0.6,0.0,0.0,0.0,0.0,0.0,0.0
328,QRL,QRL,12925.0,0.02,0.0,0.0,0.0,0.0,0.0,0.0
329,Inverse Finance,INV,17792.0,3.21,-884.2,-4.73,-916.37,-4.9,259.62,1.48
330,pNetwork,PNT,67686516.0,69.94,31324.44,0.05,36504.5,0.05,-24307.58,-0.04
331,Bytom,BTM,259419274.0,12.35,1864023.38,0.72,910661.0,0.35,-1392073.4,-0.53
332,Chrono.tech,TIME,169413.0,23.86,1449.09,0.86,11597.18,7.35,38912.48,29.82
333,SUKU,SUKU,21058149.0,1.4,-1949365.58,-8.47,-9223505.17,-30.46,-6885972.88,-24.64
334,Viberate,VIB,157469696.0,78.73,-2977.86,0.0,111478.39,0.07,585028.1,0.37
335,SOLVE token,SOLVE,129634986.0,12.96,2.945e-05,0.0,223221.67,0.17,-1965289.12,-1.49
336,Wall Street Memes,WSM,502256013.0,25.12,-161773.97,-0.03,-24756873.34,-4.7,-333115065.0,-39.88
337,Revvmotorsport,REVV,156972774.0,5.23,-1058298.66,-0.67,-4872801.69,-3.01,25582905.59,19.47
338,PowerPool,CVP,22799777.0,22.8,-19262.56,-0.08,198998.63,0.88,277806.29,1.23
339,Multichain,MULTI,2995156.0,3.0,-28318.95,-0.94,-404938.42,-11.91,-1404439.78,-31.92
340,Tornado.Cash,TORN,869905.0,8.7,6231.47,0.72,-2843.92,-0.33,-58448.27,-6.3
341,Drep(new),DREP,32404227.0,32.4,-492119.4,-1.5,-513319.57,-1.56,1678687.72,5.46
342,OAX,OAX,39012039.0,39.01,-1e-09,0.0,6618.52,0.02,144468.5,0.37
343,Serum,SRM,93476929.0,35.81,-196770.99,-0.21,-1386570.13,-1.46,-956992.44,-1.01
344,Aventus,AVT,464335.0,4.37,-3358.47,-0.72,-96801.38,-17.25,-100701.16,-17.82
345,WeWay,WWY,785849010.0,11.23,-3728342.87,-0.47,-6798811.73,-0.86,14255690.65,1.85
346,BABB,BAX,44570624316.0,53.06,74720443.69,0.17,61920193.53,0.14,134879295.0,0.3
347,Blockchain Brawlers,BRWL,102320288.0,10.23,-44563.35,-0.04,-600212.69,-0.58,4685100.69,4.8
348,Cryptex Finance,CTX,461844.0,4.62,656.72,0.14,4239.55,0.93,-23035.04,-4.75
349,Revain,REV,3244899340.0,3.81,0.0,0.0,-204484.0,-0.01,198900005.0,6.53
350,QASH,QASH,47833920.0,4.78,4.2e-05,0.0,0.0,0.0,0.0,0.0
351,Ooki Protocol,OOKI,5908771991.0,123.69,-5802880.18,-0.1,334158117.0,5.99,648689071.0,12.33
352,Augur,REP,2502458.0,22.75,-13933.11,-0.55,-20227.97,-0.8,-160663.57,-6.03
353,Hillstone Finance,HSF,21190522.0,21.19,0.0,0.0,9.54e-05,0.0,1793.03,0.01
354,Pluton,PLU,319996.0,1.6,22721.21,7.64,-10706.2,-3.24,5307.86,1.69
355,TamaDoge,TAMA,229879911.0,16.21,-710195.66,-0.31,-875277.38,-0.38,-490260043.0,-68.08
356,Gamestarter,GAME,1188633.0,1.19,34349.16,2.98,44687.42,3.91,124781.07,11.73
357,Strips Finance,STRP,540961.0,0.54,450000.0,494.72,449766.67,493.2,451078.32,501.85
358,BTC Standard Hashrate Token(new),BTCST,5029395.0,33.53,-2370.29,-0.05,-2734.63,-0.05,64001.36,1.29
359,Anchor Protocol,ANC,2741783.0,0.27,0.0,0.0,0.0,0.0,0.0,0.0
360,SunContract,SNC,16045073.0,13.08,0.0,0.0,-2.149e-05,0.0,0.0,0.0
361,Morpheus Labs,MITX,390278924.0,39.03,-8.32e-06,0.0,7.13e-06,0.0,-20000.0,-0.01
362,Satoshi Island Coin,STC,298519.0,1.42,0.0,0.0,0.0,0.0,-602.75,-0.2
363,ProBit Token,PROB,14842772.0,7.81,-3.536e-05,0.0,-2.535e-05,0.0,-1024.0,-0.01
364,Navcoin,NAV,891507.0,1.16,-89.301,-0.01,-1870.1,-0.21,-9821.6,-1.09
365,pSTAKE,PSTAKE,48078975.0,9.62,358975.89,0.75,881386.72,1.87,3676804.75,8.28
366,DOSE,DOSE,618418080.0,12.37,-104940.28,-0.02,31306113.57,5.33,58643322.05,10.48
367,Quantstamp,QSP,262608048.0,26.89,-544776.72,-0.21,-2253082.87,-0.85,20894314.09,8.64
368,MoveZ,MOVEZ,882916550.0,18.02,-3868501.8,-0.44,-1110962.65,-0.13,11820900.56,1.36
369,Lympo,LYM,604581354.0,60.46,-2120187.4,-0.35,-2463338.36,-0.41,-2164149.75,-0.36
370,AstroSwap,ASTRO,92857661.0,2.44,3100459.6,3.45,-3258248.7,-3.39,-13854342.33,-12.98
371,TenUp,TUP,61422864.0,31.99,389639.74,0.64,1992220.95,3.35,3548735.49,6.13
372,Populous,PPT,8022005.0,15.06,-8.69e-06,0.0,-32442.55,-0.4,-46935.6,-0.58
373,Mirror Protocol,MIR,45554651.0,12.29,-241064.05,-0.53,1426268.12,3.23,2344830.42,5.43
374,BnkToTheFuture,BFT,70160611.0,7.02,-6.397e-05,0.0,-6.689e-05,0.0,-158209.77,-0.22
375,AutoFarm,AUTO,28299.0,35.09,151.14,0.54,-205.1,-0.72,-1082.93,-3.69
376,Cindicator,CND,462567096.0,23.13,0.0,0.0,-485183.47,-0.1,-2465015.78,-0.53
377,TenX,PAY,50914444.0,24.81,0.0,0.0,-1053778.14,-2.03,-892022.08,-1.72
378,Green Satoshi Token (BSC),GST,30677722.0,17.86,300655.2,0.99,835433.75,2.8,723976.96,2.42
379,Skeb Coin,SKEB,245859507.0,2.46,-1.702e-05,0.0,38223134.15,18.41,17565969.58,7.69
380,Monetha,MTH,110511017.0,27.46,179104.77,0.16,-4866605.6,-4.22,-3395546.96,-2.98
381,OpenDao,SOS,58915705785541.0,58.92,-27599413675.0,-0.05,-542081437700.0,-0.91,3548756575020.0,6.41
382,RCN,RCN,171533428.0,17.15,-263417.96,-0.15,2190663.02,1.29,3478050.25,2.07
383,Genaro Network,GNX,158063778.0,24.32,0.00014722,0.0,-49561.33,-0.03,6188262.79,4.07
384,RDN,RDN,16187349.0,16.19,-3765.72,-0.02,-27281.22,-0.17,194168.26,1.21
385,Walton,WTC,7844903.0,8.84,-6.23e-06,0.0,-4.735e-05,0.0,-30.2932,0.0
386,Dentacoin,DCN,20405305090.0,0.26,0.0,0.0,0.0,0.0,0.0,0.0
387,Mithril,MITH,578466714.0,57.85,-218587.54,-0.04,-494330.85,-0.09,7127131.39,1.25
388,Credits,CS,2592303.0,1.04,-3.1e-05,0.0,8e-06,0.0,0.0,0.0
389,Brokoli Network,BRKL,8568582.0,6.85,-1025821.52,-10.69,-330539.51,-3.71,-783494.14,-8.38
390,PERL.eco,PERL,260928775.0,25.25,82980.67,0.03,-27086125.21,-9.4,-35341140.37,-11.93
391,Moeda Loyalty,MDA,9466815.0,48.23,1.431e-05,0.0,-3317.99,-0.04,1078994.06,12.86
392,Humaniq,HMQ,27906258.0,13.47,-6.151e-05,0.0,-8.393e-05,0.0,0.0,0.0
393,SONM,SNM,161193730.0,363.05,-11894.0,-0.01,-50870.17,-0.03,-243368.78,-0.15
394,Bread,BRD,39908165.0,44.91,-2.03e-05,0.0,-32133.04,-0.08,-133068.95,-0.33
395,Odyssey,OCN,6726900411.0,67.27,-4.961e-05,0.0,-1.908e-05,0.0,-1535453.98,-0.02
396,RuffChain,RUFF,225499974.0,11.99,3.14e-06,0.0,0.0,0.0,7805990.74,3.59
397,BIX Token,BIX,41820119.0,19.88,-9.04e-06,0.0,-7.23e-06,0.0,-42.0,0.0
398,Everex,EVX,7105631.0,28.42,0.0,0.0,0.0,0.0,-114.0,0.0
399,VIBEHub,VIBE,60174530.0,22.54,0.0,0.0,-1.04e-06,0.0,0.0,0.0
400,MediShares,MDS,671982626.0,33.6,2.612e-05,0.0,-587706.08,-0.09,-2640697.65,-0.39
401,My Master War,MAT,4855588.0,4.86,-227781.43,-4.48,-527678.43,-9.8,-1364123.24,-21.93
402,Zeusshield,ZSC,695039182.0,12.32,0.0,0.0,4220185.0,0.61,4220185.0,0.61
403,EASY V2,EZ,2345132.0,23.45,0.0,0.0,3.494e-05,0.0,17403.9,0.75
404,Internxt,INXT,102927.0,9.2,-3.878e-05,0.0,-4.702e-05,0.0,0.0,0.0
405,FODL Finance,FODL,42975285.0,4.3,-1.842e-05,0.0,1369850.26,3.29,-907360.9,-2.07
406,Evrynet,EVRY,30169513.0,3.02,15220.5,0.05,737188.97,2.5,1394740.86,4.85
407,CoinFi,COFI,93439102.0,31.15,7.78e-06,0.0,-3.81e-06,0.0,0.0,0.0
408,Deesse,LOVE,275266382.0,1.38,-3.592e-05,0.0,-3.592e-05,0.0,0.0,0.0
409,Pawtocol,UPI,347237101.0,34.72,-1474.95,0.0,11431272.95,3.4,18367121.24,5.58
410,Orion Money,ORION,21359654.0,2.14,-487393.19,-2.23,-342621.18,-1.58,-241864.18,-1.12
411,IHTCoin,IHT,719291495.0,72.18,3e-10,0.0,-4.097e-05,0.0,0.0,0.0
412,Bikerush,BRT,100193491.0,2.0,0.0,0.0,-569.09,0.0,38308951.08,61.9
413,Beyond Protocol,BP,60423835.0,12.08,-50450.29,-0.08,-1111502.35,-1.81,1644437.92,2.8
414,MetaverseX,METAX,3389805.0,16.95,0.0,0.0,-423.13,-0.01,1381.27,0.04
415,Remme,REM,722586706.0,72.26,-666289.14,-0.09,-1720102.42,-0.24,-1901886.24,-0.26
416,FaceDAO,FACE,1641715974763.0,0.16,0.0,0.0,0.0,0.0,0.0,0.0
417,Enigma,ENG,3837474.0,2.56,3.482e-05,0.0,-1279.43,-0.03,-31943.99,-0.83
418,Primas,PST,34446796.0,27.04,6.183e-05,0.0,0.0,0.0,-95.076,0.0
419,Playkey,PKT,2532617.0,12.73,2.439e-05,0.0,59069.99,2.39,59070.0,2.39
420,RankerDAO,RANKER,154441682.0,51.48,336932.25,0.22,-9105504.44,-5.57,-9493906.93,-5.79
421,EchoLink,EKO,475490714.0,95.1,1.522e-05,0.0,-4.718e-05,0.0,0.0,0.0
422,Po.et,POE,1241924432.0,39.53,-2.616e-05,0.0,0.0,0.0,0.0,0.0
423,ShoeFy,SHOE,7723140.0,7.72,0.0,0.0,-503673.24,-6.12,709364.67,10.11
424,Lunyr,LUN,1335407.0,49.4,3.56e-06,0.0,-4.223e-05,0.0,0.0,0.0
425,CyberMiles,CMT,527588411.0,52.76,3.566e-05,0.0,-4.068e-05,0.0,0.0,0.0
426,Hero Arena,HERA,39527842.0,39.53,-22442.95,-0.06,-126.05,0.0,81916.67,0.21
427,Marnotaur,TAUR,23802524.0,15.87,4.714e-05,0.0,0.0,0.0,-5583.52,-0.02
428,Envelop,NIFTSY,7214202.0,1.44,3.216e-05,0.0,0.0,0.0,-132149.9,-1.8
429,BIKI Token,BIKI,169518749.0,42.3,0.0,0.0,0.0,0.0,0.0,0.0
430,Time New Bank,TNB,2491680473.0,56.45,9.37e-06,0.0,2.48e-06,0.0,0.0,0.0
431,DAOSquare,RICE,13389.0,0.01,0.0,0.0,0.0,0.0,-45377.78,-77.22
432,Kollect,KOL,154308213.0,15.43,-3667.83,0.0,418844.84,0.27,-7392587.99,-4.57
433,Davinci Coin,DAC,12091085132.0,137.4,0.0,0.0,-9.88e-06,0.0,0.0,0.0
434,Swarm,SWM,4997400.0,5.02,1.488e-05,0.0,-7.68e-06,0.0,0.0,0.0
435,CPChain,CPC,11315861.0,1.13,1.843e-05,0.0,3.977e-05,0.0,-43112.97,-0.38
436,MContent,MCONTENT,221497740905191.0,3.68,14567489193.0,0.01,9871072185137.0,4.66,25600497754137.0,13.07
437,MetaVisa Protocol,MESA,150967919.0,1.51,-3645749.94,-2.36,8939371.34,6.29,37085898.19,32.57
438,DeSpace Protocol,DES,49266947.0,49.27,0.0,0.0,-35195.83,-0.07,1780443.39,3.75
439,BitDegree,BDG,26211272.0,3.97,-4.915e-05,0.0,-6.65e-06,0.0,0.0,0.0
440,SingularDTV,SNGLS,425353950.0,42.54,-10035.0,0.0,-13464.0,0.0,-140167.0,-0.03
441,Egretia Token,EGT,2728063007.0,34.1,-5.86e-06,0.0,-1.159e-05,0.0,0.0,0.0
442,ShitCoin,SHIT,24769203812550.0,24.77,-42075414682.0,-0.17,-545671744167.0,-2.16,-204051696460.0,-0.82
443,TopChainCoin,TOPC,692231597.0,32.96,-9e-06,0.0,-1082424.05,-0.16,-7332424.06,-1.05
444,WonderHero,WND,599336.0,0.6,0.0,0.0,-133.92,-0.02,-762.27,-0.13
445,CargoX,CXO,24983200.0,11.61,3.28e-05,0.0,0.0,0.0,0.0,0.0
446,SingularityNET,AGI,274307379.0,27.43,1.87e-05,0.0,3.781e-05,0.0,0.0,0.0
447,Power candy,POC,173685960.0,1.74,0.0,0.0,-8.299e-05,0.0,0.0,0.0
448,TokenClub,TCT,634587110.0,63.46,-113971.89,-0.02,-240291.3,-0.04,5746507.97,0.91
449,DATA,DTA,720353717.0,6.26,0.0,0.0,-5.389e-05,0.0,0.0,0.0
450,KSM Starter,KST,9457421.0,0.0,-233811.33,-2.41,-249581.18,-2.57,-402043.8,-4.08
451,Wrapped LUNA Token,WLUNA,22451455353.0,433100.28,-6813805.08,-0.03,133182965.0,0.6,-9871610038.0,-30.54
452,Zilla,ZLA,14918328.0,24.86,4.11e-05,0.0,4.11e-05,0.0,0.0,0.0
453,Exchange Union,XUC,14462077.0,0.48,0.0,0.0,0.0,0.0,-934.72,-0.01
454,Tepleton,TEP,8966570.0,0.9,-2.864e-05,0.0,1.171e-05,0.0,0.0,0.0
455,bZx Protocol,BZRX,240296.0,0.02,-2.876e-05,0.0,-2.919e-05,0.0,0.0,0.0
456,IoT Chain,ITCOLD,17771.0,0.02,0.0,0.0,0.0,0.0,0.0,0.0
457,WBF Token,WT,875768.0,0.29,0.0,0.0,0.0,0.0,0.0,0.0
458,BCPT,BCPT,14016700.0,12.07,-5.307e-05,0.0,-9.924e-05,0.0,0.0,0.0
459,GameCredits,GAME,5377304.0,2.69,0.0,0.0,2.209e-05,0.0,-113802.21,-2.07
460,Banca,BANCA,1594955229.0,7.97,5.12e-06,0.0,-7.72e-06,0.0,0.0,0.0
461,Berry,BERRY,2357868213.0,23.58,4.955e-05,0.0,30756031.87,1.32,1290465263.0,120.9
462,Tierion,TNT,211799535.0,21.18,6.441e-05,0.0,-9.638e-05,0.0,0.0,0.0
463,ChatCoin,CHAT,515936619.0,51.59,9.49e-06,0.0,-10283189.45,-1.95,-10728317.7,-2.04
464,SmartMesh,SMT,14770082.0,0.47,-4.99e-08,0.0,0.0,0.0,0.0,0.0
465,Bituan Token,BT,54782233.0,5.48,4e-05,0.0,4e-05,0.0,0.0,0.0
466,The Three Kingdoms,TTK,22879804.0,2.29,0.0,0.0,0.0,0.0,0.0,0.0
467,Wrapped Centrifuge,wCFG,13702385.0,3.19,-9484.69,-0.07,550005.72,4.18,2803907.12,25.73
468,EKT,EKT,787634008.0,108.74,4.733e-05,0.0,4.733e-05,0.0,-243120.71,-0.03
469,CUBE Network,CUBE,390382.0,0.04,1.328e-05,0.0,4.458e-05,0.0,-146.62,-0.04
470,Heroes & Empires,HE,20464877.0,6.52,-184242.97,-0.89,-63898.89,-0.31,3409443.5,19.99
471,Blockcloud,BLOC,2894132380.0,28.94,-2.56e-06,0.0,-2.82e-05,0.0,-1.0,0.0
472,SIRIN LABS,SRN,125888857.0,22.0,4.526e-05,0.0,49650.0,0.04,-330524.5,-0.26
473,mStable USD,MUSD,164433.0,5.08,2.856e-05,0.0,-996.77,-0.6,-1003.51,-0.61
474,DMarket,DMT,9200991.0,16.16,0.0,0.0,-16792.3,-0.18,-40482.78,-0.44
475,Torii Finance,TORII,689.33,2.15,0.0,0.0,0.0,0.0,0.0,0.0
476,Tael,WABI,31494718.0,31.49,-4.248e-05,0.0,-131432.12,-0.42,-131432.12,-0.42
477,DELTA,DLT,38576004.0,29.61,1.32e-06,0.0,-3.349e-05,0.0,0.0,0.0
478,Ink,INK,80610535.0,8.06,2e-05,0.0,-1.381e-05,0.0,0.0,0.0
479,VouchForMe,IPL,1100076.0,0.37,0.0,0.0,0.0,0.0,0.0,0.0
480,BQT,BQT,11332875.0,1.13,1.899e-05,0.0,1.899e-05,0.0,0.0,0.0
481,AppCoins,APPC,55696626.0,23.23,8.29e-06,0.0,8.29e-06,0.0,-17365.72,-0.03
482,Genesis Vision,GVT,2930006.0,66.04,-1.859e-05,0.0,-161.0,-0.01,-612.6,-0.02
483,Demole,DMLG,66925346.0,0.0,247336.7,0.37,-221380.58,-0.33,531599.1,0.8
484,EXRNchain,EXRN,7441289315.0,7.44,0.0,0.0,-3399724.0,-0.05,-3399724.0,-0.05
485,IndiGG,INDI,9594542.0,0.96,0.0,0.0,55784.0,0.58,246258.16,2.63
486,Matryx,MTX,25045785.0,7.97,0.0,0.0,0.0,0.0,0.0,0.0
487,Tiger Cash,TCH,104.3,0.0,0.0,0.0,0.0,0.0,0.0,0.0
488,Experty,EXY,5285332.0,6.66,1.97e-06,0.0,3e-10,0.0,0.0,0.0
489,OneRoot,RNT,193509623.0,48.38,3.362e-05,0.0,-1e-08,0.0,0.0,0.0
490,Oceanland,OLAND,127602357.0,13.29,-724832.39,-0.56,-1131311.0,-0.88,1453050.52,1.15
491,Gro DAO Token,GRO,19855.0,0.4,-20.26,-0.1,-20.2599,-0.1,-20.26,-0.1
492,WePower Network,WPR,240114000.0,32.22,5.562e-05,0.0,1e-08,0.0,0.0,0.0
493,XrpMoonPepeinuHomerSimpsonDeveloper,DOGECOIN,5.158328915484074e+24,12.28,0.0,0.0,0.0,0.0,0.0,0.0
494,Bitcoin BEP2,BTCB,18330.0,30.3,-190.13,-1.03,-1518.3,-7.65,-7191.44,-28.18
495,Mantle,MNT,361882616.0,5.82,96574.4,0.03,3735095.98,1.04,-32560.14,-0.01
496,Wrapped Beacon ETH,WBETH,592648.0,75.08,-3222.8,-0.54,-9669.51,-1.61,-103367.34,-14.85
497,Cheelee,CHEEL,49494.0,0.0,-373.04,-0.75,-578.91,-1.16,-3337.79,-6.32
498,BitDAO,BIT,149149344.0,1.49,65880.2,0.04,362999.34,0.24,477399.34,0.32
499,BitTorrent,BTTOLD,619957825.0,0.06,281530.5,0.05,4393998.42,0.71,64543795.67,11.62
500,HEX,HEX,299410123.0,0.05,-646590.64,-0.22,13454444.39,4.71,32448055.72,12.15
501,Wrapped BNB,WBNB,60473.0,3.24,31.8751,0.05,2121.43,3.64,9149.1,17.83
502,Merit Circle,MC,9278994.0,1.39,-270.71,0.0,-9720.58,-0.1,-64315.94,-0.69
503,Bitget Token,BGB,235075104.0,11.75,25628.06,0.01,-215167731.0,-47.79,-215104257.0,-47.78
504,Frax,FRAX,187257.0,0.03,0.0,0.0,-67.0194,-0.04,808.17,0.43
505,Fellaz,FLZ,2399876.0,0.12,4.5e-06,0.0,278001.26,13.1,48001.26,2.04
506,WhiteBIT token,WBT,29709681.0,8.13,-485.0,0.0,-444841.49,-1.48,-1754907.8,-5.58
507,Oraichain Token,ORAI,67856.0,0.4,4819.82,7.65,1974.4,3.0,-11902.71,-14.92
508,Axelar,AXL,9734184.0,0.86,-170.31,0.0,17474.08,0.18,1042976.89,12.0
509,Huobi BTC,HBTC,11663.0,130.04,-8.527e-05,0.0,267.99,2.35,268.0,2.35
510,Decentralized USD (TRX),USDD,3959089.0,0.54,-614.55,-0.02,-4532.68,-0.11,40830.9,1.04
511,Coinbase Wrapped Staked ETH,CBETH,3435.98,0.26,238.29,7.45,18.5345,0.54,-576.59,-14.37
512,AltLayer,ALT,618948641.0,6.19,804892.38,0.13,-508790079.0,-45.12,-535671655.0,-46.39
513,MetisDAO,METIS,140182.0,1.4,4438.28,3.27,16709.6,13.53,34802.95,33.03
514,Fasttoken,FTN,719511.0,0.08,1.496e-05,0.0,117951.5,19.61,513615.53,249.45
515,Tether Gold,XAUT,104734.0,42.48,-2.3841,0.0,534.07,0.51,644.26,0.62
516,Rollbit Coin,RLB,416533.0,0.01,0.0,0.0,0.0,0.0,0.0,0.0
517,APENFT,NFT,70790056914.0,0.01,0.0,0.0,0.0,0.0,0.0,0.0
518,Fei Protocol,FEI,21535.0,0.15,-8.901e-05,0.0,-3211.9,-12.98,-1830.66,-7.83
519,Shido,SHIDO,2427074.0,0.0,0.0,0.0,0.0,0.0,0.0,0.0
520,Orbler,ORBR,607355.0,0.03,0.0,0.0,0.0,0.0,13929.71,2.35
521,L7 DEX,LSD,42532.0,0.02,0.0,0.0,0.0,0.0,0.0,0.0
522,sUSD,SUSD,2214309.0,4.17,2.72e-06,0.0,-64.17,0.0,-1100.66,-0.05
523,Echelon Prime,PRIME,652939.0,0.59,3982.42,0.61,57890.11,9.73,46966.78,7.75
524,AIOZ Network,AIOZ,142457431.0,13.25,573244.68,0.4,-89566.46,-0.06,-11743379.94,-7.62
525,Paypal USD,PYUSD,113490387.0,37.23,4487.44,0.0,-32938.39,-0.03,-1533236.75,-1.33
526,PAAL AI,PAAL,28027670.0,2.8,266884.43,0.96,2985865.46,11.92,12328987.93,78.54
527,Liquity USD,LUSD,14033.0,0.01,0.0,0.0,0.0,0.0,-59989.35,-81.04
528,Ultra,UOS,58456322.0,5.85,1121561.83,1.96,-1489887.43,-2.49,-1419670.68,-2.37
529,Blox,CDT,12431319.0,1.24,3.792e-05,0.0,10294.01,0.08,74415.43,0.6
530,XT Token,XT,30.0,0.0,0.0,0.0,0.0,0.0,0.0,0.0
531,Braintrust,BTRST,1138402.0,0.46,-182828.53,-13.84,-171935.41,-13.12,-213191.96,-15.77
532,Seedify.fund,SFUND,2661675.0,2.66,13410.79,0.51,20500.96,0.78,114343.42,4.49
533,Heroes of Mavia,MAVIA,18054380.0,7.22,-299333.95,-1.63,-451211.29,-2.44,0.0,0.0
534,GuildFi,GF,32526047.0,3.25,-1298281.06,-3.84,6907177.37,26.96,2774979.11,9.33
535,SwissBorg,BORG,21040295.0,2.14,29740.3,0.14,11721.32,0.06,457859.45,2.22
536,Huobi Token,HT,198801408.0,97.46,22693.75,0.01,-3417371.14,-1.69,4083386.16,2.1
537,Agoras: Currency of Tau,AGRS,576642.0,1.37,-1910.28,-0.33,-157450.42,-21.45,-188364.92,-24.62
538,renBTC,RENBTC,0.5746,0.19,-3.454e-05,-0.01,-3.454e-05,-0.01,0.0,0.0
539,FLEX Coin,FLEX,84.31,0.0,0.0,0.0,0.0,0.0,0.0,0.0
540,Myria,MYRIA,3349741557.0,6.7,47550852.17,1.44,68456803.14,2.09,308741608.0,10.15
541,0x0 Token,0X0,45857451.0,4.59,222948.28,0.49,1645618.36,3.72,3711080.66,8.81
542,Bitpanda,BEST,1133739.0,0.14,-450.08,-0.04,1138.1,0.1,17960.12,1.61
543,Radiant Capital,RDNT,33914772.0,3.39,2616765.03,8.36,-15009344.19,-30.68,-12430799.82,-26.82
544,Polymath Network,POLY,6221640.0,0.62,-226388.93,-3.51,-402735.51,-6.08,197564.55,3.28
545,Syntropy,NOIA,104221744.0,10.42,399014.2,0.38,-2885201.75,-2.69,-3622513.69,-3.36
546,DAO Maker,DAO,6675146.0,2.6,-69118.74,-1.02,-233358.71,-3.38,-694648.74,-9.43
547,Delysium,AGI,172227973.0,5.74,7058455.96,4.27,-37942467.9,-18.05,-21948977.9,-11.3
548,GameFi,GAFI,38053.0,0.25,-1200.1,-3.06,-9186.91,-19.45,-7343.7,-16.18
549,Ecomi,OMI,16287138071.0,3.56,-194591601.0,-1.18,58767702.17,0.36,-678650272.0,-4.0
550,Efinity,EFI,15688849.0,0.78,-29246.51,-0.19,-105587.05,-0.67,-806747.48,-4.89
551,GoMining Token,GMT,6361849.0,1.47,-142381.75,-2.19,-172826.07,-2.64,865393.02,15.74
552,BORA,BORA,18150183.0,1.51,0.0,0.0,0.0,0.0,0.0,0.0
553,Valobit,VBIT,71625.0,0.0,0.0,0.0,0.0,0.0,0.0,0.0
554,SmarDex,SDEX,279253277.0,2.79,-6701358.93,-2.34,641276.24,0.23,-31122067.1,-10.03
555,Nakamoto Games,NAKA,57856.0,0.03,0.0,0.0,0.0,0.0,0.0,0.0
556,Tectum,TET,566533.0,5.67,3000.45,0.53,26136.5,4.84,121383.49,27.27
557,VVS Finance,VVS,48215228798.0,0.06,0.0,0.0,-1713620434.0,-3.43,-18881833210.0,-28.14
558,ChainGPT,CGPT,76298389.0,7.64,-1985786.42,-2.54,7217541.0,10.45,5745433.84,8.14
559,BinaryX,BNX,269.93,0.0,0.0,0.0,0.0,0.0,5.4038,2.04
560,CUDOS,CUDOS,982603359.0,9.83,4398008.64,0.45,-34170786.42,-3.36,-5218587.0,-0.53
561,Telcoin,TEL,316818301.0,0.32,0.0,0.0,0.0,0.0,0.0,0.0
562,Trias Token (new),TRIAS,2005118.0,20.05,22739.44,1.15,43867.18,2.24,22968.32,1.16
563,ApeX Protocol,APEX,20495876.0,2.41,87498.22,0.43,-157675.0,-0.76,746277.53,3.78
564,Guild of Guardians,GOG,17910529.0,1.79,163103.81,0.92,-198419.13,-1.1,-4105483.28,-18.65
565,Stasis Eurs,EURS,177764.0,0.14,0.0,0.0,0.0,0.0,-21.93,-0.01
566,LUKSO,LYX,6062137.0,6.06,0.0,0.0,0.0,0.0,0.0,0.0
567,DKargo,DKA,36150184.0,0.72,-28341826.31,-43.95,-6864950.19,-15.96,-4997720.44,-12.15
568,ATOR Protocol,ATOR,16433102.0,16.43,-43416.69,-0.26,-339998.01,-2.03,-676429.97,-3.95
569,Zignaly,ZIG,433015956.0,21.65,259302.63,0.06,8083965.24,1.9,9310724.53,2.2
570,Planet Token,PLANET,210337605503.0,21.03,1011761192.0,0.48,4013944181.0,1.95,-3683553762.0,-1.72
571,Victoria VR,VR,1273307531.0,7.58,-101113.64,-0.01,12467534.66,0.99,-45293419.7,-3.43
572,Chainflip,FLIP,3620742.0,4.02,-29957.52,-0.82,-292406.86,-7.47,-172638.22,-4.55
573,Sovryn,SOV,10549.0,0.01,1.888e-05,0.0,0.0,0.0,549.35,5.49
574,Polygon Ecosystem Token,POL,1958932.0,0.02,-2991.93,-0.15,-58053.1,-2.88,-138402.21,-6.6
575,ankrETH,AETH,0.0305,0.0,0.0,0.0,0.0,0.0,0.0,0.0
576,Shido (new),SHIDO,1074048784.0,8.26,3039391.72,0.28,-14110990.11,-1.3,-70926407.64,-6.19
577,Multibit,MUBI,248054571.0,24.81,4314479.34,1.77,15903535.05,6.85,60186138.82,32.04
578,PAID Network,PAID,256867.0,0.04,0.0,0.0,-34.4958,-0.01,-7810.68,-2.95
579,Tokamak Network,TON,327877.0,0.65,-2093.31,-0.63,-1898.32,-0.58,-7125.63,-2.13
580,Metars Genesis,MRS,72725.0,0.01,0.0,0.0,0.0,0.0,0.0,0.0
581,Wilder World,WILD,17174678.0,3.43,-8169.72,-0.05,323063.7,1.92,728285.69,4.43
582,inSure,SURE,63472531518.0,72.13,-4.465e-05,0.0,0.0,0.0,0.0,0.0
583,Chintai,CHEX,5.0,0.0,0.0,0.0,0.0,0.0,0.0,0.0
584,Gelato Network,GEL,4001534.0,0.95,5821.26,0.15,-182638.92,-4.36,86936.86,2.22
585,ParaSwap,PSP,15367635.0,0.85,-1711631.63,-10.02,2029975.55,15.22,2562897.74,20.02
586,Aleph.im,ALEPH,28770778.0,5.75,-54848.41,-0.19,-262345.02,-0.9,1429883.75,5.23
587,Dora Factory(new),DORA,108904431.0,10.89,75461.62,0.07,-11479929.46,-9.54,-23366144.38,-17.67
588,Uquid Coin,UQC,372971.0,0.93,-1.791e-05,0.0,-2.37e-06,0.0,0.0,0.0
589,AllianceBlock Nexera,NXRA,316110438.0,37.19,564205.3,0.18,3768170.77,1.21,6980201.36,2.26
590,DIMO,DIMO,2208416.0,0.22,44290.52,2.05,370352.02,20.15,568788.79,34.69
591,Pepe 2.0,PEPE2.0,634619739023186.0,150.85,-12675593705629.0,-1.96,-43985314417559.0,-6.48,-159980519393080.0,-20.13
592,Bifrost,BFC,14163772.0,0.35,3.584e-05,0.0,5717.26,0.04,190782.94,1.37
593,DEXTools,DEXT,1444358.0,1.1,-27277.7,-1.85,9538.75,0.66,1458.79,0.1
594,Niza Global,NIZA,590301327.0,7.38,121931.29,0.02,656882.78,0.11,1081352.12,0.18
595,The Root Network,ROOT,280003925.0,2.33,-1045499.41,-0.37,-2393526.11,-0.85,-9133104.36,-3.16
596,DeFiChain,DFI,5672808.0,0.51,-99744.7,-1.73,460443.0,8.83,1110828.41,24.35
597,ZKFair,ZKF,1555096570.0,15.55,19391017.79,1.26,51994699.47,3.46,366206015.0,30.8
598,MAP Protocol,MAP,112130577.0,1.12,-256515.14,-0.23,-2402024.11,-2.1,-7190986.85,-6.03
599,Veritaseum,VERI,53062.0,0.05,-62.1654,-0.12,1121.57,2.16,2069.33,4.06
600,Bazaars,BZR,15.5,0.0,0.0,0.0,0.0,0.0,0.0,0.0
601,Quantfury,QTF,401757.0,0.4,2.57e-05,0.0,-8010.82,-1.95,-7798.6,-1.9
602,Goldfinch,GFI,2847268.0,2.49,22383.66,0.79,-112163.69,-3.79,379314.97,15.37
603,Anchored Coins EUR,AEUR,66562571.0,99.78,321.19,0.0,-51296.6,-0.08,-103468.18,-0.16
604,AVINOC,AVINOC,3067404.0,0.31,6337.95,0.21,21707.14,0.71,380020.07,14.14
605,RocketX Exchange,RVF,5393863.0,7.57,-16831.52,-0.31,204769.91,3.95,625093.29,13.11
606,Forta,FORT,15396296.0,1.54,241710.15,1.59,731791.65,4.99,1275478.11,9.03
607,Mog Coin,MOG,4339546047397.0,1.11,33595793659.0,0.78,444880550728.0,11.42,514768991208.0,13.46
608,Tokenlon,LON,2070291.0,1.55,0.0,0.0,-284658.85,-12.09,345875.61,20.06
609,Banana Gun,BANANA,51884.0,0.54,-700.6,-1.33,-3668.47,-6.6,-8026.88,-13.4
610,Cobak Token,CBK,2063990.0,2.06,-1933.17,-0.09,-23732.35,-1.14,-2800.46,-0.14
611,5ire,5IRE,29638303.0,1.98,955355.71,3.33,990334.31,3.46,14651127.49,97.76
612,DeFi Pulse Index,DPI,4076.9,0.73,-2.2055,-0.05,-3.2435,-0.08,-6.0962,-0.15
613,Metadium,META,621131529.0,31.06,-4.802e-05,0.0,-2.939e-05,0.0,0.0,0.0
614,Bitcoin Cats,1CAT,2264418556.0,45.29,19819641.02,0.88,197176815.0,9.54,681446160.0,43.05
615,XCAD Network,XCAD,3657360.0,1.84,46063.91,1.28,384057.5,11.73,1294322.52,54.77
616,SIDUS HEROES,SIDUS,2390706786.0,10.54,24244730.84,1.02,34430183.21,1.46,317382673.0,15.31
617,NuCypher,NU,22385644.0,1.62,-107053.83,-0.48,-398161.9,-1.75,2366342.88,11.82
618,Biswap,BSW,241978020.0,40.25,-317930.44,-0.13,-743107.66,-0.31,16682407.37,7.4
619,Sologenic,SOLO,16626090.0,4.16,-65.0497,0.0,-8294.69,-0.05,-45997.64,-0.28
620,XSGD,XSGD,645334.0,0.77,-6542.98,-1.0,175836.57,37.45,113801.19,21.41
621,MEMETOON,MEME,580200123.0,0.58,-3070468.45,-0.53,-22399973.95,-3.72,14188964.49,2.51
622,Solidus Ai Tech,AITECH,146928085.0,7.37,5338294.51,3.77,-53111346.81,-26.55,-52944577.01,-26.49
623,DeversiFi,DVF,2743625.0,2.74,-567.32,-0.02,-571.1,-0.02,-20166.26,-0.73
624,Constellation,DAG,1001712715.0,25.04,0.0,0.0,0.0,0.0,0.0,0.0
625,Mancium,MANC,305357.0,0.31,0.0,0.0,0.0,0.0,-235.5,-0.08
626,Maple Finance,MPL,264625.0,2.65,3423.92,1.31,22837.98,9.45,48032.09,22.18
627,DXDao,DXD,62.84,0.04,1.785e-05,0.0,0.0,0.0,0.0,0.0
628,Meter,MTRG,380459.0,0.87,-1046.43,-0.27,2504.74,0.66,-69479.97,-15.44
629,Origin Dollar,OUSD,833700.0,6.34,-4.186e-05,0.0,-147368.13,-15.02,-143957.85,-14.72
630,Chainge Finance,XCHNG,90210066.0,7.52,253266.58,0.28,-570961.52,-0.63,0.0,0.0
631,COMBO,COMBO,48466386.0,68.21,15327.3,0.03,44398.06,0.09,-167975.65,-0.35
632,Crypto International,CRI,4.4,0.0,0.0,0.0,0.0,0.0,0.0,0.0
633,cVault.finance,CORE,2.65,0.03,0.0,0.0,1.2088,83.62,0.3172,13.57
634,Stronghold Token,SHX,18792.0,0.0,0.0,0.0,0.0,0.0,0.0,0.0
635,Vaiot,VAI,128099541.0,32.02,-497479.86,-0.39,557951.46,0.44,5761068.48,4.71
636,DEAPcoin,DEP,1352764083.0,4.51,-48348697.13,-3.45,31555634.22,2.39,-41614554.78,-2.98
637,Seamless,SEAM,436470.0,0.44,195.95,0.04,-4127.52,-0.94,-15885.69,-3.51
638,Vai,VAI,803136.0,16.41,-360.06,-0.04,-9343.27,-1.15,-130239.01,-13.95
639,Ampleforth,AMPL,4221441.0,9.15,-35637.79,-0.84,163242.54,4.02,494647.15,13.27
640,Euro Coin,EUROC,657623.0,1.34,-28604.52,-4.17,-28135.94,-4.1,-23045.71,-3.39
641,Dione Protocol,DIONE,2262624772.0,22.88,-765170.43,-0.03,-14113421.38,-0.62,-17203457.1,-0.75
642,Euler Finance,EUL,125874.0,0.46,1898.03,1.53,-4222.58,-3.25,-1236.41,-0.97
643,Bitgert,BRISE,11314810426043.0,1.13,34069868003.0,0.3,-209113140060.0,-1.81,-139201626845.0,-1.22
644,Clearpool,CPOOL,97892667.0,9.79,650239.03,0.67,5388075.6,5.82,8924391.55,10.03
645,Cornucopias,COPI,2873241.0,0.07,65351.71,2.33,801862.79,38.71,430150.02,17.61
646,MetFi,METFI,230236.0,0.05,-818.46,-0.35,-3584.59,-1.53,4078.73,1.8
647,ABBC Coin,ABBC,2253849.0,0.13,0.0,0.0,0.0,0.0,0.0,0.0
648,Carry,CRE,191111615.0,1.91,519714.17,0.27,1055070.97,0.56,-92513028.28,-32.62
649,Strike,STRK,127377.0,1.95,-271.33,-0.21,25816.47,25.42,-11902.16,-8.55
650,Vega Protocol,VEGA,5721032.0,8.8,314218.17,5.81,-122168.6,-2.09,881127.19,18.21
651,Ordiswap,ORDS,143996574.0,14.4,-3805296.63,-2.57,-25032988.49,-14.81,30681219.82,27.08
652,Games for a living,GFAL,328980531.0,3.29,669923.42,0.2,6485877.44,2.01,34512833.08,11.72
653,NFT Worlds,WRLD,9929109.0,0.2,83620.21,0.85,-679945.21,-6.41,-1906157.41,-16.11
654,Altura,ALU,91175719.0,9.21,488213.25,0.54,849634.18,0.94,5764744.62,6.75
655,Unibot,UNIBOT,92055.0,9.21,-81.1867,-0.09,6512.02,7.61,26835.96,41.15
656,BLOCKv,VEE,222726394.0,6.11,0.0,0.0,-94908.99,-0.04,-1431123.86,-0.64
657,Wirex,WXT,251242677.0,2.51,192257.67,0.08,13192580.61,5.54,-16316756.78,-6.1
658,MCDEX,MCB,31568.0,0.66,55.7,0.18,-633.4,-1.97,-3332.75,-9.55
659,FirmaChain,FCT,191039.0,0.03,0.0,0.0,3e-05,0.0,0.0,0.0
660,Nuco.cloud,NCDT,2545087.0,5.09,-74076.03,-2.83,-322839.9,-11.26,-367378.93,-12.61
661,Cere Network,CERE,800584969.0,8.01,436354.21,0.05,2618540.63,0.33,38768212.1,5.09
662,Anyswap,ANY,12056.0,0.01,-3.8085,-0.03,-3.8086,-0.03,-2.5486,-0.02
663,Tenset,10SET,3258179.0,1.68,-93901.56,-2.8,-29920.31,-0.91,-7474.25,-0.23
664,SaitaChain,STC,2279184945.0,22.85,-501571.66,-0.02,-10440423.44,-0.46,47648752.03,2.14
665,Troll,TROLL,205526549470853.0,21.4,4495778379569.0,2.24,14171641562268.0,7.41,114190593435366.0,125.02
666,KIRA Network,KEX,8082895.0,2.69,-9002.32,-0.11,-335746.35,-3.99,-1609618.33,-16.61
667,PaLM AI,PALM,934526.0,1.17,0.0,0.0,0.0,0.0,0.0,0.0
668,Whiteheart,WHITE,20.32,0.23,2.66e-05,0.0,-0.2055,-1.0,-0.2055,-1.0
669,LimeWire,LMWR,14398110.0,1.74,111461.33,0.78,197246.27,1.39,-232742.82,-1.59
670,EverGrow Coin,EGC,543112571376.0,0.12,0.0,0.0,-10708099310.0,-1.93,-10988631031.0,-1.98
671,HELLO Token,HELLO,89310514.0,8.93,1301676.95,1.48,3319517.03,3.86,24161983.67,37.09
672,FEG Token V2,FEG,1836737639.0,3.67,23508067.83,1.3,141040878.0,8.32,430597321.0,30.62
673,HarryPotterObamaSonic10Inu,BITCOIN,17698801.0,1.77,298388.95,1.71,-488887.97,-2.69,3138441.91,21.55
674,Taraxa,TARA,1892861096.0,18.17,-6.71e-06,0.0,-9.53e-06,0.0,0.0,0.0
675,Tether EURt,EURT,417702033.0,104.43,-607.47,0.0,484393.72,0.12,-144128.02,-0.03
676,Orbit Chain,ORC,22931448.0,2.42,102211.57,0.45,-40164.84,-0.17,-182699.55,-0.79
677,Aura Finance,AURA,107483.0,0.21,0.0,0.0,-295.95,-0.27,-2410.03,-2.19
678,CEEK VR,CEEK,169163941.0,16.92,176579.2,0.1,-629014.87,-0.37,-3015351.76,-1.75
679,Stratos,STOS,3274291.0,12.63,2058.97,0.06,24855.11,0.76,21545.28,0.66
680,Thrupenny,TPY,1153037.0,0.12,-3.503e-05,0.0,-3.503e-05,0.0,-500000.0,-30.25
681,Connext,NEXT,17518658.0,1.75,-63446.0,-0.36,22997.62,0.13,1410284.86,8.75
682,WAGMI Game,WAGMIGAMES,40803544732.0,1.85,267658651.0,0.66,93891186.86,0.23,13561117854.0,49.78
683,Mossland,MOC,523957.0,0.1,0.0,0.0,0.0,0.0,0.0,0.0
684,ApolloX,APX,34411853.0,0.87,-108860.82,-0.32,-310048.03,-0.89,46843.26,0.14
685,ArchLoot,ALT,439012.0,0.04,-81.6057,-0.02,-8038.01,-1.8,56251.98,14.7
686,Sentinel Protocol,UPP,5763536.0,1.15,-3.259e-05,0.0,-1e-10,0.0,0.0,0.0
687,ONUS,ONUS,2818.56,0.0,0.0,0.0,-231.37,-7.59,-246.27,-8.04
688,Decimated,DIO,91472.0,0.01,0.0,0.0,0.0,0.0,0.0,0.0
689,DeRace,DERC,20459572.0,17.05,-7089.29,-0.03,368750.73,1.84,978110.25,5.02
690,Talken,TALK,12655772.0,2.53,-44587.06,-0.35,-258025.54,-2.0,-1257411.2,-9.04
691,Mintlayer,ML,18887440.0,4.72,-148267.44,-0.78,-443110.89,-2.29,2377397.61,14.4
692,Inspect,INSP,88911711.0,8.89,1221394.92,1.39,-2870154.14,-3.13,-2314837.98,-2.54
693,Sommelier,SOMM,1491982.0,0.3,7379.99,0.5,-33347.38,-2.19,99559.39,7.15
694,Polytrade Finance,TRADE,3873014.0,3.87,8547.66,0.22,-22301.67,-0.57,-49928.07,-1.27
695,Crust,CRU,392961.0,1.96,-52862.88,-11.86,125033.9,46.67,134400.15,51.98
696,Palette,PLT,30271962.0,3.03,-54022.63,-0.18,1074215.47,3.68,2775628.25,10.09
697,H2O DAO,H2O,1222335.0,0.12,0.0,0.0,-2584.94,-0.21,28382.94,2.38
698,RichQuack,QUACK,1015498047734244.0,2.17,-41021069822267.0,-3.88,-41642276711441.0,-3.94,-96482693008703.0,-8.68
699,ALTAVA,TAVA,21139462.0,2.11,-1765.22,-0.01,-687893.52,-3.15,-731992.55,-3.35
700,AscendEX (BitMax),ASD,93290420.0,12.56,4.838e-05,0.0,369529.24,0.4,620886.79,0.67
701,RabbitX,RBX,4094262.0,0.41,25486.44,0.63,290975.4,7.65,403993.17,10.95
702,ALTAVA,TAVA,21139462.0,2.11,-1765.22,-0.01,-687893.52,-3.15,-731992.55,-3.35
703,TokenFi,TOKEN,383794935.0,3.84,-1203014.56,-0.31,-4704337.93,-1.21,-5774142.56,-1.48
704,UniLend Finance,UFT,29761564.0,29.76,60884.32,0.2,-31897.74,-0.11,226290.16,0.77
705,BitMart Coin,BMX,2703126.0,0.31,-1.559e-05,0.0,0.0,0.0,0.0,0.0
706,Spheroid Universe,SPH,32783441.0,1.52,-3.03e-05,0.0,-1.997e-05,0.0,3569152.76,12.22
707,Locus Chain,LOCUS,132841521.0,1.9,1.07e-06,0.0,0.0,0.0,8195404.39,6.57
708,GamerCoin,GHX,217949707.0,26.97,6818597.76,3.23,17616790.72,8.79,-8766407.31,-3.87
709,Velo,VELO,316473368.0,1.32,-8603238.04,-2.65,1802079.15,0.57,-5535049.59,-1.72
710,Openfabric AI,OFN,4197771.0,0.84,195866.45,4.89,162060.28,4.02,733294.85,21.17
711,Vectorspace,VXV,9601226.0,19.2,-2.419e-05,0.0,154076.09,1.63,-143499.29,-1.47
712,e-Radix,eXRD,113704108.0,9.28,391940.16,0.35,2697824.88,2.43,6016598.83,5.59
713,ARC,ARC,83944713.0,8.44,-939180.25,-1.11,-925204.85,-1.09,9144212.43,12.22
714,MangoMan Intelligent,MMIT,35408469459456.0,1.76,145715315444.0,0.41,1425619725259.0,4.2,-8417855986109.0,-19.21
715,GAMEE,GMEE,146192337.0,4.6,-74814.66,-0.05,-3192677.51,-2.14,-20160948.6,-12.12
716,Ternoa,CAPS,111404152.0,4.46,99782.28,0.09,567902.62,0.51,10990897.71,10.95
717,BOB,BOB,334547311056.0,48.49,3475334066.0,1.05,3203151730.0,0.97,4876256805.0,1.48
718,Opulous,OPUL,10452975.0,2.09,2796554.79,36.53,2189634.1,26.5,979398.1,10.34
719,Splintershards,SPS,10935113.0,0.85,-132454.67,-1.2,-1250054.7,-10.26,-216507.95,-1.94
720,Doge Killer,LEASH,10966.0,10.19,-13.8431,-0.13,467.63,4.45,634.66,6.14
721,SatoshiVM,SAVM,864881.0,4.12,8524.27,1.0,5030.87,0.59,201218.54,30.32
722,NuNet,NTX,40013013.0,4.0,-563670.33,-1.39,6498450.73,19.39,11799631.14,41.82
723,FOAM Token,FOAM,8626205.0,0.86,0.0,0.0,3.779e-05,0.0,0.0,0.0
724,UFO Gaming,UFO,3376220391238.0,13.11,-43847941.26,0.0,912762.27,0.0,2203813690.0,0.07
725,Proton,XPR,751030763.0,7.51,-6499144.91,-0.86,29085251.03,4.03,34809656.08,4.86
726,Katana Inu,KATA,3026215188.0,6.05,2865050.05,0.09,107798627.0,3.69,296121799.0,10.85
727,Numbers Protocol,NUM,17120435.0,2.88,476033.68,2.86,-3271446.27,-16.04,-9518249.56,-35.73
728,PayCoin,PCI,28561553.0,1.5,6444.56,0.02,189169.91,0.67,1215544.59,4.45
729,Shapeshift FOX Token,FOX,15138984.0,1.51,-986919.49,-6.12,4810179.88,46.57,-3982530.56,-20.83
730,Stader,SD,6724645.0,4.48,115527.7,1.75,484974.98,7.77,2219235.35,49.26
731,Castello Coin,CAST,331177.0,0.08,0.0,0.0,0.0,0.0,-31125.61,-8.59
732,Deeper Network,DPR,35433568.0,0.39,-252790.12,-0.71,-321841.29,-0.9,2658456.37,8.11
733,Wrapped NCG (Nine Chronicles Gold),WNCG,30789128.0,5.41,186298.37,0.61,351187.79,1.15,-747553.52,-2.37
734,Petals,PTS,495674892.0,0.5,0.0,0.0,0.0,0.0,-49288.43,-0.01
735,Eco Real Estate,ECOREAL,2299486.0,0.23,4.14e-06,0.0,0.0,0.0,0.0,0.0
736,VIDT Datalink,VIDT,1332638.0,2.32,-1.953e-05,0.0,-8.38e-06,0.0,0.0,0.0
737,Cellframe,CELL,5473576.0,18.41,53143.56,0.98,4592.25,0.08,-400808.38,-6.82
738,GHO,GHO,30.0,0.0,0.0,0.0,0.0,0.0,0.0,0.0
739,Propchain,PROPC,2578373.0,3.03,-44000.73,-1.68,373953.09,16.96,812615.07,46.02
740,Kishu Inu,KISHU,3.736006226019261e+16,37.36,-9662162440437.0,-0.03,-232759732250368.0,-0.62,13011206056685.0,0.03
741,Neutrino USD,USDN,17660.0,0.0,-3.359e-05,0.0,-3.359e-05,0.0,0.0,0.0
742,MILC Platform,MLT,44238595.0,22.12,61375.04,0.14,974164.98,2.25,996797.57,2.31
743,KardiaChain,KAI,226936924.0,4.54,-4.596e-05,0.0,-32085.43,-0.01,105036.14,0.05
744,DeGate,DG,1280129.0,0.13,3.253e-05,0.0,-211470.99,-14.18,597814.0,87.62
745,Optimus AI,OPTIMUS,22707639.0,22.71,88069.28,0.39,288936.17,1.29,3676179.44,19.32
746,Across Protocol,ACX,5196799.0,0.52,56414.25,1.1,-553364.5,-9.62,1487404.52,40.1
747,Circuits of Value,COVAL,115636183.0,6.47,-828210.26,-0.71,1387541.75,1.21,-9408541.4,-7.52
748,Swarm,BZZ,13039008.0,20.6,-45700.98,-0.35,49656.7,0.38,192534.44,1.5
749,Shine Layer 2,SHT,703487740.0,7.03,0.0,0.0,-2.534e-05,0.0,0.0,0.0
750,TokenPocket,TPT,112265966.0,3.24,0.0,0.0,0.0,0.0,0.0,0.0
751,Poolz Finance,POOLX,167045.0,3.04,-1756.01,-1.04,-3697.69,-2.17,-13721.97,-7.59
752,Mute,MUTE,920865.0,2.3,-12938.67,-1.39,-5375.01,-0.58,48554.06,5.57
753,Qredo,QRDO,178873450.0,12.3,-1068728.21,-0.59,13346835.74,8.06,47727586.42,36.39
754,Creo Engine,CREO,127775697.0,12.92,1304423.8,1.03,123143.32,0.1,20535818.66,19.15
755,Dejitaru Tsuka,TSUKA,76251353.0,7.63,259927.42,0.34,4450638.05,6.2,19347351.04,34.0
756,Connex,CONX,32364.0,0.03,0.0,0.0,-69997.92,-68.38,-69998.84,-68.38
757,HOPR Protocol,HOPR,57607126.0,13.33,-86533.07,-0.15,-63695.63,-0.11,-2826743.45,-4.68
758,GameZone,GZONE,22274702.0,2.65,-136862.88,-0.61,-285395.71,-1.27,-645285.43,-2.82
759,METACADE,MCADE,37987214.0,1.92,-12238.91,-0.03,-1784319.99,-4.49,-6602200.29,-14.81
760,MVL,MVL,233403998.0,0.78,-832704.11,-0.36,-2644101.64,-1.12,-115657137.0,-33.13
761,Image Generation AI,IMGNAI,41522701.0,4.15,595396.56,1.45,3940543.27,10.49,9909781.06,31.35
762,Symbiosis Finance,SIS,25136915.0,25.2,4063.14,0.02,551980.43,2.25,1292335.91,5.42
763,Carbon,CSIX,50399970.0,5.04,713799.72,1.44,2348108.91,4.89,5847695.68,13.13
764,ONBUFF,ONIT,31514657.0,4.09,-67162.29,-0.21,-67162.29,-0.21,4858886.29,18.23
765,AdShares,ADS,190997.0,0.49,0.0,0.0,0.0,0.0,0.0,0.0
766,BullPerks,BLP,7042228.0,2.35,-25581.62,-0.36,-76828.33,-1.08,-504508.69,-6.69
767,YooShi,YOOSHI,9928493109324.0,0.99,-29827895388.0,-0.3,-172670348536.0,-1.71,-574191332702.0,-5.47
768,Ton Community,TONC,24737388.0,6.18,-70893.65,-0.29,-61373.78,-0.25,-18423.24,-0.07
769,Karate Combat,KARATE,850874086.0,0.77,-7949958.8,-0.93,9348471.12,1.11,14687452.38,1.76
770,Zeon,ZEON,330394476.0,0.66,-1.658e-05,0.0,0.0,0.0,0.0,0.0
771,Turbo,TURBO,24912064819.0,36.1,-181340011.0,-0.72,-1127346249.0,-4.33,-2061799263.0,-7.64
772,MATH Token,MATH,6699193.0,3.35,-240814.96,-3.47,-153416.96,-2.24,363944.8,5.74
773,Impossible Finance,IDIA,1745950.0,0.17,0.0,0.0,-60.4,0.0,-524.83,-0.03
774,XEN Crypto,XEN,21134384692581.0,33.41,346498726700.0,1.67,994136151384.0,4.94,3703448582775.0,21.25
775,LAToken,LA,346103335.0,86.53,9.05e-06,0.0,6.75e-06,0.0,0.0,0.0
776,Pitbull,PIT,7131088675763948.0,7.13,-1436295760450.0,-0.02,-63218958114991.0,-0.88,-148635098359897.0,-2.04
777,Ellipsis 2.0,EPX,47329555225.0,35.86,62191500.24,0.13,97969973.27,0.21,311588125.0,0.66
778,Student Coin,STC,333830700.0,3.34,-28958687.08,-7.98,-28958687.08,-7.98,-10603046.52,-3.08
779,Sperax,SPA,530467655.0,11.49,-69613.99,-0.01,2898518.18,0.55,-43197583.5,-7.53
780,Taboo Token,TABOO,193359946.0,1.98,3907905.98,2.06,-3506104.44,-1.78,-30591325.24,-13.66
781,Wojak,WOJAK,20253242902.0,29.17,-6963596.15,-0.03,34422553.33,0.17,1629312026.0,8.75
782,Centrality,CENNZ,80162.0,0.01,0.0,0.0,0.0,0.0,0.0,0.0
783,Shattered Legion,SLG,70730097.0,7.12,-3.451e-05,0.0,-375.38,0.0,-904555.89,-1.26
784,Botto,BOTTO,1382286.0,1.38,3800.44,0.28,124135.84,9.87,635555.2,85.11
785,Coinweb,CWEB,334095542.0,4.38,-2.486e-05,0.0,-754919.35,-0.23,17272695.72,5.45
786,Ferrum Network,FRM,24098508.0,4.04,-81927.05,-0.34,-121420.33,-0.5,-2224165.17,-8.45
787,Dimitra,DMTR,181400418.0,36.14,26402305.95,17.03,1088710.2,0.6,5753501.78,3.28
788,HEZ,HEZ,6190.41,0.06,-4.71e-05,0.0,-4.594e-05,0.0,-6.78,-0.11
789,Prosper,PROS,30770471.0,30.77,1933.89,0.01,-63363.67,-0.21,472127.9,1.56
790,Robonomics Network,XRT,198182.0,10.35,0.0,0.0,0.0,0.0,0.0,0.0
791,Bubblefong,BBF,34734042.0,4.96,78567.73,0.23,20654.57,0.06,281214.6,0.82
792,Ichi.Farm,ICHI,1029.15,0.02,0.0,0.0,0.0,0.0,0.0,0.0
793,Bidao Smart Chain,BISC,61283.0,0.0,0.0,0.0,0.0,0.0,0.0,0.0
794,GYEN,GYEN,167342860.0,8.16,-476755.16,-0.28,-1745358.7,-1.03,47170815.89,39.25
795,piin,PIIN,96349014763.0,96.35,0.0,0.0,-1087568078.0,-1.12,679264510.0,0.71
796,Saito,SAITO,203626243.0,6.79,1598102.1,0.79,-275691.14,-0.14,19244118.94,10.44
797,HAPI.one,HAPI,128270.0,21.36,-339.1,-0.26,-1160.14,-0.9,2027.87,1.61
798,GraphLinq Protocol,GLQ,229694436.0,45.94,0.0,0.0,9290.32,0.0,-14980.0,-0.01
799,Decubate,DCB,96386976.0,10.14,-341267.37,-0.35,-483615.98,-0.5,19495071.08,25.35
800,PolkaFoundry,PKF,578811.0,0.29,-1830.66,-0.32,5657.07,0.99,280574.4,94.08
801,Hegic,HEGIC,85500676.0,2.84,-47396.52,-0.06,39568.03,0.05,-6763457.56,-7.33
802,Jesus Coin,JESUS,1428653897059.0,0.91,0.0,0.0,0.0,0.0,0.0,0.0
803,Bad Idea AI,BAD,34574043290202.0,4.16,-290785289584.0,-0.83,1068540666822.0,3.19,5876292528631.0,20.48
804,Huobi Polkadot,HDOT,1027252.0,24.28,0.0,0.0,0.0,0.0,0.0,0.0
805,Shiba Predator,QOM,14079979335504.0,2.35,-558212289.0,0.0,-10556676722.0,-0.07,-284966896189.0,-1.98
806,WIBX,WBX,17142143.0,0.15,-4.842e-05,0.0,-4.842e-05,0.0,0.0,0.0
807,SIDUS HEROES DAO,SENATE,7428650.0,3.87,90062.57,1.23,443380.69,6.35,4081754.19,121.96
808,Verified USD,USDV,2124240.0,12.39,261435.16,14.03,802378.27,60.7,549805.52,34.92
809,OmniCat,OMNI,975211488.0,2.13,0.0,0.0,-14676539.23,-1.48,0.0,0.0
810,Pinakion,PNK,16991903.0,2.19,-601784.32,-3.42,8113759.2,91.39,-8760430.34,-34.02
811,DexCheck,DCK,51254497.0,5.23,-648060.38,-1.25,-10920038.8,-17.56,-6989275.42,-12.0
812,Turtsat,TURT,161401077.0,16.14,400885.19,0.25,832522.22,0.52,37378753.71,30.14
813,Metahero,HERO,338269291.0,3.46,1011204.3,0.3,-11650301.55,-3.33,-31258854.78,-8.46
814,TOKPIE,TKP,646454.0,0.65,0.0,0.0,-995.02,-0.15,3846.57,0.6
815,ELYSIA,EL,47154828.0,0.69,-1607198.25,-3.3,7030005.93,17.52,6469571.32,15.9
816,Tokemak,TOKE,327481.0,0.33,1265.87,0.39,-57959.85,-15.04,-62852.89,-16.1
817,SpaceN,SN,4600442.0,0.46,0.0,0.0,0.0,0.0,0.0,0.0
818,ALITA,ALITA,109897320.0,0.14,9902415.85,9.9,0.0,0.0,0.0,0.0
819,GET Protocol,GET,440238.0,1.88,559.99,0.13,287.12,0.07,-8915.58,-1.98
820,LYO Credit,LYO,972036.0,0.51,0.0,0.0,0.0,0.0,0.0,0.0
821,MASQ,MASQ,644455.0,1.72,-4.104e-05,0.0,39788.1,6.58,-64641.54,-9.12
822,RFOX,RFOX,266640234.0,13.33,-353705.63,-0.13,851240.46,0.32,2754643.35,1.04
823,Prometheum Prodigy,PMPY,48030382.0,7.24,-1231226.8,-2.5,9114981.79,23.42,16832229.61,53.95
824,Gamium,GMM,3276830195.0,7.52,-36003189.67,-1.09,15448995.28,0.47,27731078.46,0.85
825,Shping,SHPING,58550659.0,0.59,-8890253.71,-13.18,-27426415.68,-31.9,-27045569.29,-31.6
826,YIELD App,YLD,19885752.0,6.63,12999.99,0.07,-19208.75,-0.1,1047438.67,5.56
827,Dtravel,TRVL,40599626.0,4.06,686823.56,1.72,1278694.81,3.25,3960775.67,10.81
828,Fuse,FUSE,3897149.0,1.19,-35741.99,-0.91,118870.79,3.15,1265001.42,48.06
829,NFTX,NFTX,3820.09,0.59,0.0,0.0,0.0,0.0,0.0,0.0
830,AIPAD,AIPAD,6435253.0,3.23,66863.99,1.05,-43257.24,-0.67,868158.33,15.59
831,Genopets,GENE,7209.22,0.01,0.0,0.0,0.0,0.0,0.0,0.0
832,MixMarvel,MIX,104740807.0,1.05,-79992055.95,-43.3,-39267670.07,-27.27,-3418018.11,-3.16
833,Swash,SWASH,71215741.0,7.15,1141184.26,1.63,3506666.59,5.18,7730280.2,12.18
834,Limoverse,LIMO,4299869.0,0.04,0.0,0.0,0.0,0.0,94950.83,2.26
835,Comsats,CSAS,7285788.0,0.73,4230291.49,138.45,1637045.01,28.98,554822.51,8.24
836,Binance IDR,BIDR,310184732907.0,48.04,-1196954947.0,-0.38,-367353200.0,-0.12,11494831718.0,3.85
837,Push Protocol,PUSH,6288351.0,6.29,43911.73,0.7,282869.9,4.71,653669.17,11.6
838,Gains,GAINS,722154.0,0.72,138378.89,23.7,160305.19,28.53,0.0,0.0
839,UniCrypt,UNCX,49.06,0.1,3.3607,7.35,3.3607,7.35,4.3998,9.85
840,Veloce,VEXT,107969.0,0.19,-5594.5,-4.93,12059.96,12.57,-85299.5,-44.14
841,Epik Prime,EPIK,241910590.0,12.1,-117463.7,-0.05,-432162.93,-0.18,3494129.2,1.47
842,BSCPad,BSCPAD,4416553.0,2.52,-12195.37,-0.28,-26336.89,-0.59,-6910.48,-0.16
843,Metronome,MET,743807.0,5.17,0.0,0.0,-301.57,-0.04,9720.85,1.32
844,UniX Gaming,UNIX,874284.0,0.09,0.0,0.0,1.786e-05,0.0,-50124.93,-5.42
845,Sora,SORA,175737095.0,17.57,6519015.67,3.85,0.0,0.0,0.0,0.0
846,Hourglass,WAIT,2174561.0,2.22,-29987.23,-1.36,9906.76,0.46,539607.5,33.0
847,Arianee Protocol,ARIA20,146420.0,0.07,0.0,0.0,0.0,0.0,0.0,0.0
848,Unibright,UBT,4517472.0,3.01,-1600.63,-0.04,-4950.81,-0.11,-86620.66,-1.88
849,Cosplay Token,COT,83562058.0,8.36,1495729.71,1.82,2990506.03,3.71,4439265.14,5.61
850,Newscrypto,NWC,5545999.0,2.05,6053.92,0.11,8225.29,0.15,-464019.17,-7.72
851,Izumi Finance,IZI,103681455.0,5.18,-376871.96,-0.36,860756.42,0.84,3003273.82,2.98
852,PlayZap,PZP,1891416.0,1.26,3911.29,0.21,12500.6,0.67,162465.42,9.4
853,BitKan,KAN,965526404.0,9.66,-4.236e-05,0.0,-7378705.31,-0.76,-5171638.78,-0.53
854,Bitrock,BITROCK,16666754.0,16.67,-11324.17,-0.07,531089.16,3.29,1339258.23,8.74
855,PureFi,UFI,6093226.0,6.09,944176.59,18.34,806982.53,15.27,-389606.02,-6.01
856,AMO Coin,AMO,773966758.0,3.93,1.997e-05,0.0,0.0,0.0,0.0,0.0
857,Maxity,MAX,6177149.0,0.62,-2.98e-05,0.0,68830.99,1.13,69454.99,1.14
858,Areon Network,AREA,49195578.0,19.68,0.0,0.0,490.0,0.0,490.0,0.0
859,CONUN,CON,194642.0,0.0,0.0,0.0,-3.176e-05,0.0,0.0,0.0
860,Decentral Games,DG,75.59,0.01,0.0,0.0,2.627e-05,0.0,0.0,0.0
861,Rupiah Token,IDRT,40441416644.0,21.28,-116483534.0,-0.29,-216226716.0,-0.53,-4285123156.0,-9.58
862,Blocksquare Token,BST,2629102.0,8.25,40538.77,1.57,60387.13,2.35,201737.67,8.31
863,Everdome,DOME,3717563450.0,4.03,26117235.59,0.71,1045980.15,0.03,147207201.0,4.12
864,Xend Finance,XRWA,3656383.0,1.86,-68012.06,-1.83,-7489844.23,-67.2,-10084132.03,-73.39
865,Lossless,LSS,26338722.0,26.34,-3.212e-05,0.0,-908.67,0.0,205345.8,0.79
866,Vita Inu,VINU,416440504232252.0,46.28,-1650442211887.0,-0.39,-3388617181699.0,-0.81,-4956659829094.0,-1.18
867,SwftCoin,SWFTC,2284944666.0,22.85,-70003966.88,-2.97,-39151737.56,-1.68,-513935477.0,-18.36
868,Iskra,ISK,781521.0,0.08,-73080.23,-8.55,-49708.79,-5.98,-202116.5,-20.55
869,XDEFI Wallet,XDEFI,6018157.0,2.51,-5.27e-06,0.0,-42664.58,-0.7,336887.6,5.93
870,Parallel,PAR,135098.0,1.2,-6.162e-05,0.0,-6.162e-05,0.0,0.0,0.0
871,Nestree,EGG,48934157.0,1.63,-270798.6,-0.55,-236653.69,-0.48,-236653.69,-0.48
872,MEVerse,MEV,60098484.0,3.0,0.0,0.0,-2.629e-05,0.0,0.0,0.0
873,Outer Ring,GQ,450033622.0,7.49,1603510.16,0.36,-66044860.1,-12.8,82545980.22,22.46
874,Chirpley,CHRP,140136990.0,14.16,2736878.66,1.99,-359682.95,-0.26,4359095.05,3.21
875,B-cube.ai,BCUBE,157001.0,0.32,0.0,0.0,0.0,0.0,0.0,0.0
876,Cratos,CRTS,411038970.0,0.41,-387343.04,-0.09,-969151.57,-0.24,-9258587.34,-2.2
877,Diamond Launch Coin,DLC,21595187.0,2.16,0.0,0.0,0.0,0.0,7507.44,0.03
878,BTU Protocol,BTU,53892.0,0.05,0.0,0.0,0.0,0.0,0.0,0.0
879,EML Token,EML,6531780.0,0.33,540.96,0.01,-15628.65,-0.24,407980.53,6.66
880,PalmPay,PALM,151962.0,0.72,0.0,0.0,0.0,0.0,0.0,0.0
881,Swarm Markets,SMT,5347506.0,2.21,-24745.24,-0.46,62429.83,1.18,225162.04,4.4
882,MarsDAO,MDAO,5258094.0,5.48,-270890.25,-4.9,-595208.18,-10.17,-81682.98,-1.53
883,Zs,ZCN,1880304.0,0.94,17319.64,0.93,82062.34,4.56,647831.08,52.56
884,Winnerz,WNZ,18553110.0,0.19,0.0,0.0,-50.0,0.0,5192358.77,38.86
885,Cult DAO,CULT,448668756513.0,9.05,-123081999.0,-0.03,484872803.0,0.11,-13898639206.0,-3.0
886,RAI Finance,SOFI,10022558.0,1.0,3.1e-05,0.0,9143.99,0.09,42630.78,0.43
887,Project WITH,WIKEN,100.0,0.0,0.0,0.0,0.0,0.0,0.0,0.0
888,Dvision Network,DVI,28556828.0,2.86,-218819.33,-0.76,-298958.44,-1.04,-110841.94,-0.39
889,PIBBLE,PIB,2823693.0,0.01,0.0,0.0,4.454e-05,0.0,0.0,0.0
890,Torum,XTM,59675531.0,7.46,-13462.95,-0.02,269370.55,0.45,-38397.59,-0.06
891,Presearch,PRE,15724838.0,2.1,4.964e-05,0.0,-9.5e-06,0.0,0.0,0.0
892,Pintu Token,PTU,4309345.0,1.44,4.274e-05,0.0,-2809.84,-0.07,120207.24,2.87
893,Somnium Space Cubes,CUBE,2101721.0,2.1,19598.5,0.94,29680.13,1.43,-22493.78,-1.06
894,Big Data Protocol,BDP,17995177.0,27.72,885.29,0.0,359543.06,2.04,893823.88,5.23
895,Quiztok,QTCON,435588.0,0.0,0.0,0.0,0.0,0.0,0.0,0.0
896,BRN Metaverse,BRN,7646437.0,3.37,-29227.36,-0.38,-41370.57,-0.54,-153192.33,-1.96
897,Hoge Finance,HOGE,14598170279.0,3.63,-206976922.0,-1.4,-227471815.0,-1.53,-268564293.0,-1.81
898,SIX Network,SIX,4531151.0,0.45,-7274.64,-0.16,63238.47,1.42,110537.44,2.5
899,Liquidus(old),LIQ,197112.0,0.26,0.0,0.0,0.0,0.0,0.0,0.0
900,Gameswap,GSWAP,1983.12,0.01,0.0,0.0,0.0,0.0,0.0,0.0
901,PAWSWAP,PAW,58859095297704.0,5.89,-876315220038.0,-1.47,-1440771302365.0,-2.39,4276337368425.0,7.83
902,ETHAX,ETHAX,544006.0,0.07,0.0,0.0,0.0,0.0,0.0,0.0
903,SportX,SX,673138.0,0.12,2.028e-05,0.0,2.028e-05,0.0,-707677.64,-51.25
904,XDB Chain,XDB,7091139.0,0.04,0.0,0.0,0.0,0.0,0.0,0.0
905,Thena,THE,116958.0,0.08,0.0,0.0,0.0,0.0,-1392.65,-1.18
906,Akita Inu,AKITA,42277717414540.0,42.28,-10436729864.0,-0.02,272519871408.0,0.65,557907444036.0,1.34
907,Polkadex,PDEX,1225964.0,14.66,-5.013e-05,0.0,-24081.84,-1.93,-5175.12,-0.42
908,LoopNetwork,LOOP,69307950.0,38.36,-145694.54,-0.21,-41815.36,-0.06,1805453.53,2.67
909,OpenOcean,OOE,90441428.0,9.04,832883.46,0.93,-295741.4,-0.33,2834141.87,3.24
910,ZKBase,ZKB,182876799.0,30.58,-135373.32,-0.07,-2380633.81,-1.29,-212682671.0,-53.77
911,Squid Grow,SQUIDGROW,67335267209177.0,3.37,-564208024164.0,-0.83,-1139055641300.0,-1.66,-2998240643866.0,-4.26
912,Valor Token,VALOR,112464.0,0.15,6.244e-05,0.0,4.539e-05,0.0,-131.39,-0.12
913,Shyft Network,SHFT,12718830.0,0.5,136501.83,1.08,-1637069.52,-11.4,-5579695.69,-30.49
914,Horizon Protocol,HZN,8992686.0,3.8,122889.9,1.39,1004541.45,12.58,1320757.71,17.22
915,RAE,RAE,20842.0,0.37,1.09e-05,0.0,1.09e-05,0.0,0.0,0.0
916,APM Coin,APM,165563229.0,9.13,5963462.99,3.74,23696361.75,16.7,25921329.68,18.56
917,EGOLD,EGOLD,1.0,0.0,0.0,0.0,0.0,0.0,0.0,0.0
918,Origin Dollar Governance,OGV,217593328.0,5.29,-411302.86,-0.19,4442884.69,2.08,7778172.66,3.71
919,Shina Inu,SHI,270.0,0.0,0.0,0.0,0.0,0.0,0.0,0.0
920,Bware,INFRA,611330.0,0.61,-312.44,-0.05,-7130.91,-1.15,-633164.43,-50.88
921,Rai Reflex Index,RAI,113216.0,6.2,-2.379e-05,0.0,4321.06,3.97,15012.56,15.29
922,Real Smurf Cat,SMURFCAT,5524535280.0,5.52,-1290282243.0,-18.93,-1189026807.0,-17.71,-1231478680.0,-18.23
923,Sinverse,SIN,96314517.0,9.63,-3732112.54,-3.73,-769822.53,-0.79,5441054.76,5.99
924,Ice: Decentralized Future,ICE,18783959.0,1.81,-3242109.17,-14.72,-5051092.16,-21.19,10966679.82,140.29
925,EverRise(V3),RISE,520366003.0,0.73,498453.38,0.1,22969244.63,4.62,26737920.42,5.42
926,LeisureMeta,LM,89920088.0,1.93,-398670.33,-0.44,5612822.99,6.66,3310720.63,3.82
927,Adappter Token,ADP,57827214.0,1.18,1935056.25,3.46,-1833496.14,-3.07,-94221.74,-0.16
928,WHALE,WHALE,457954.0,4.58,0.0,0.0,0.0,0.0,887.88,0.19
929,MongCoin,$MONG,185665528642237.0,26.91,908063333890.0,0.49,-4400386531449.0,-2.32,1510479692608.0,0.82
930,LABEL Foundation,LBL,67036193.0,2.23,-891110.05,-1.31,-2690587.53,-3.86,6252091.68,10.29
931,BetProtocol,BEPRO,278265372.0,2.78,-5.2e-05,0.0,-5.2e-05,0.0,0.0,0.0
932,Dacxi,DACXI,407825420.0,4.08,0.0,0.0,0.0,0.0,0.0,0.0
933,Perion Credits,PERC,1292254.0,1.29,6216.25,0.48,76861.03,6.32,370428.28,40.18
934,Pomerium,PMG,14967764.0,1.5,6160.32,0.04,-3123209.53,-17.26,-467114.76,-3.03
935,Paribus,PBX,1971319101.0,21.24,2.232e-05,0.0,18772728.0,0.96,84800333.21,4.5
936,Humans,HEART,344849415.0,8.99,5581252.11,1.65,14615404.63,4.43,42701608.35,14.13
937,BOBO,BOBO,3981871004730.0,5.77,-87576487671.0,-2.15,-214819213305.0,-5.12,-775464784424.0,-16.3
938,King DAG,KDAG,1476591.0,0.15,9.43e-06,0.0,4.04e-05,0.0,0.0,0.0
939,LitLab Games,LITT,109615788.0,3.65,4519924.75,4.3,13362234.45,13.88,26712166.83,32.22
940,LootBot,LOOT,58348.0,0.58,0.0,0.0,0.0,0.0,0.0,0.0
941,NetVRk,NETVR,37515785.0,37.52,14238.32,0.04,-2179385.83,-5.49,250712.54,0.67
942,Catgirl,CATGIRL,1327335958710806.0,3.61,2884922107147.0,0.22,29895945473842.0,2.3,102310106018129.0,8.35
943,Etherisc DIP Token,DIP,1367668.0,0.14,0.0,0.0,-1.375e-05,0.0,-7304.97,-0.53
944,Minati Coin,MNTC,192761.0,1.73,0.0,0.0,0.0,0.0,0.0,0.0
945,Uniris,UCO,40364533.0,4.04,0.0,0.0,244390.91,0.61,-262193.39,-0.65
946,GensoKishi Metaverse,MV,3839794.0,0.19,0.0,0.0,0.0,0.0,53703.2,1.42
947,BiLira,TRYB,4141348.0,1.73,3.9e-05,0.0,-29568.79,-0.71,86088.28,2.12
948,BreederDAO,BREED,7050175.0,0.71,0.0,0.0,-286.12,0.0,-286.12,0.0
949,IMPT,IMPT,889728.0,0.03,0.0,0.0,-338985.09,-27.59,-276424.9,-23.7
950,Unification,FUND,7773508.0,6.48,-17628.53,-0.23,-139351.36,-1.76,-88064.81,-1.12
951,Darwinia Network,RING,93308140.0,3.89,-1547590.74,-1.63,-3017096.7,-3.13,4870266.31,5.51
952,QUINT,QUINT,5578222.0,0.71,-16664.06,-0.3,-60024.53,-1.06,104124.17,1.9
953,Everest,ID,2266495.0,0.28,324722.69,16.72,-988062.64,-30.36,-1580112.99,-41.08
954,Thetan Arena,THG,9824028.0,2.34,2065.37,0.02,-621291.29,-5.95,-74121.8,-0.75
955,QuadrantProtocol,EQUAD,6221451.0,0.62,1.662e-05,0.0,1.269e-05,0.0,0.0,0.0
956,Rangers Protocol,RPG,496006.0,2.36,0.0,0.0,0.0,0.0,0.0,0.0
957,XELS,XELS,5951372.0,28.34,-1.562e-05,0.0,-18040.5,-0.3,2349.65,0.04
958,Zambesigold,ZGD,1435302.0,0.81,0.0,0.0,0.0,0.0,0.0,0.0
959,Verse,VERSE,564906643.0,0.29,-3.875e-05,0.0,0.0,0.0,-258171387.0,-31.37
960,Luxurious Pro Network Token,LPNT,428934.0,0.54,-4.775e-05,0.0,-4.775e-05,0.0,0.0,0.0
961,Grove Coin V2,GRV,2738416.0,2.76,-28798.51,-1.04,-113610.71,-3.98,166251.32,6.46
962,Umbrella Network,UMB,43604956.0,13.12,107351.25,0.25,-392464.97,-0.89,6373300.19,17.12
963,MileVerse,MVC,39321859.0,1.31,0.0,0.0,224302.31,0.57,-4874909.61,-11.03
964,GamesPad,GMPD,27624700.0,5.58,-61760.34,-0.22,-63879.2,-0.23,-921992.28,-3.23
965,Atlas Navi,NAVI,30716939.0,10.24,-2717.25,-0.01,10782.5,0.04,526907.6,1.75
966,ChainBing,CBG,1223760.0,0.01,0.0,0.0,0.0,0.0,0.0,0.0
967,Era Swap,ES,3471829.0,0.09,-7.58e-06,0.0,-7.58e-06,0.0,0.0,0.0
968,Dmail Network,DMAIL,6034478.0,3.02,-68030.55,-1.11,-2042140.56,-25.28,0.0,0.0
969,DappRadar,RADAR,281567380.0,2.82,159046.08,0.06,2933033.88,1.05,-613316.81,-0.22
970,Govi,GOVI,2670293.0,8.34,-39490.58,-1.46,-68905.98,-2.52,-139589.51,-4.97
971,Dark Frontiers,DARK,8121431.0,3.25,10155.35,0.13,-111505.91,-1.35,477430.47,6.25
972,Meme Alliance,MMA,11500174.0,11.5,-189381.29,-1.62,242752.85,2.16,2075736.93,22.03
973,Bio Passport,BIOT,21914131.0,0.25,0.0,0.0,0.0,0.0,0.0,0.0
974,Bitrue Coin,BTR,747287844.0,93.26,-987.68,0.0,-64851.23,-0.01,26274.43,0.0
975,Landshare Token,LAND,279241.0,7.14,20731.64,8.02,31395.81,12.67,48497.95,21.02
976,Muse,MUSE,37739.0,3.97,-154.01,-0.41,1264.79,3.47,-176.24,-0.46
977,MultiVAC,MTV,2790200561.0,27.9,3976682.2,0.14,17131613.46,0.62,22020439.8,0.8
978,Mint Club,MINT,30133109323.0,2.62,130322872.0,0.43,-473444457.0,-1.55,3310607926.0,12.34
979,Santiment Network Token,SAN,38019665.0,45.62,6.75e-07,0.0,0.0,0.0,0.0,0.0
980,Lithium Finance,LITH,3061708925.0,30.62,-4737384.08,-0.15,36609727.07,1.21,105183359.0,3.56
981,Kunci Coin,KUNCI,13731751.0,0.03,-35615.73,-0.26,-123502.93,-0.89,-466013.63,-3.28
982,TENET,TENET,19222828.0,1.6,0.0,0.0,0.0,0.0,0.0,0.0
983,Dypius V1,DYP,8177478.0,27.26,-9042.52,-0.11,25903.44,0.32,-4563.28,-0.06
984,Ambire Wallet,WALLET,151796729.0,28.03,-45496.39,-0.03,-75583.62,-0.05,109124.61,0.07
985,Blocto Token,BLT,1806393.0,0.5,-32309.5,-1.76,-176650.93,-8.91,-68308.62,-3.64
986,Renewable Energy Token,RET,3759620027048657.0,7.52,27256216575199.0,0.73,34248299117737.0,0.92,161845173641474.0,4.5
987,dHedge Token,DHT,1185172.0,1.19,0.0,0.0,0.0,0.0,-451.89,-0.04
988,Rari Governance Token,RGT,435360.0,3.49,-223.99,-0.05,-1292.71,-0.3,39508.13,9.98
989,BIBI,BIBI,101123456.0,0.0,0.0,0.0,0.0,0.0,0.0,0.0
990,Lybra Finance,LBR,19718214.0,127.28,155517.86,0.79,1871093.58,10.48,7674323.82,63.72
991,ritestream,RITE,137968755.0,13.8,283555.48,0.21,-1439233.1,-1.03,-1262844.01,-0.91
992,NvirWorld,NVIR,312231281.0,2.92,601292.55,0.19,3460470.49,1.12,8953394.72,2.95
993,HAVAH,HVH,148156048.0,2.82,-684234.93,-0.46,1858654.85,1.27,17189551.24,13.13
994,BABYBONK,BABYBONK,7.784238243791714e+16,18.53,681741237826832.0,0.88,3869889508303022.0,5.23,-2.3817001557482732e+16,-23.43
995,Moonsama,SAMA,22548312.0,2.25,-304782.83,-1.33,-1294291.86,-5.43,761368.9,3.49
996,Squid Game,SQUID,70088663.0,9.24,-118882.86,-0.17,-6960047.02,-9.03,-5218050.55,-6.93
997,Sylo,SYLO,1292889273.0,12.93,50700012.75,4.08,22956438.08,1.81,29551355.33,2.34
998,Disney,DIS,9449160.0,9.45,0.0,0.0,0.0,0.0,0.0,0.0
999,MagicCraft,MCRT,595566367.0,5.96,-2503427.62,-0.42,-22258684.65,-3.6,-22102366.86,-3.58
1000,Metaverse Index,MVI,1.04,0.0,0.0,0.0,0.0,0.0,0.0,0.0
